timestamp,cpu_total,cpu_user,cpu_system,cpu_idle,cpu_nice,cpu_iowait,cpu_irq,cpu_softirq,cpu_steal,cpu_guest,cpu_guest_nice,cpu_ctx_switches,cpu_interrupts,cpu_soft_interrupts,cpu_syscalls,cpu_time_since_update,cpu_cpucore,percpu_0_key,percpu_0_cpu_number,percpu_0_total,percpu_0_user,percpu_0_system,percpu_0_idle,percpu_0_nice,percpu_0_iowait,percpu_0_irq,percpu_0_softirq,percpu_0_steal,percpu_0_guest,percpu_0_guest_nice,percpu_1_key,percpu_1_cpu_number,percpu_1_total,percpu_1_user,percpu_1_system,percpu_1_idle,percpu_1_nice,percpu_1_iowait,percpu_1_irq,percpu_1_softirq,percpu_1_steal,percpu_1_guest,percpu_1_guest_nice,percpu_2_key,percpu_2_cpu_number,percpu_2_total,percpu_2_user,percpu_2_system,percpu_2_idle,percpu_2_nice,percpu_2_iowait,percpu_2_irq,percpu_2_softirq,percpu_2_steal,percpu_2_guest,percpu_2_guest_nice,percpu_3_key,percpu_3_cpu_number,percpu_3_total,percpu_3_user,percpu_3_system,percpu_3_idle,percpu_3_nice,percpu_3_iowait,percpu_3_irq,percpu_3_softirq,percpu_3_steal,percpu_3_guest,percpu_3_guest_nice,percpu_4_key,percpu_4_cpu_number,percpu_4_total,percpu_4_user,percpu_4_system,percpu_4_idle,percpu_4_nice,percpu_4_iowait,percpu_4_irq,percpu_4_softirq,percpu_4_steal,percpu_4_guest,percpu_4_guest_nice,percpu_5_key,percpu_5_cpu_number,percpu_5_total,percpu_5_user,percpu_5_system,percpu_5_idle,percpu_5_nice,percpu_5_iowait,percpu_5_irq,percpu_5_softirq,percpu_5_steal,percpu_5_guest,percpu_5_guest_nice,percpu_6_key,percpu_6_cpu_number,percpu_6_total,percpu_6_user,percpu_6_system,percpu_6_idle,percpu_6_nice,percpu_6_iowait,percpu_6_irq,percpu_6_softirq,percpu_6_steal,percpu_6_guest,percpu_6_guest_nice,percpu_7_key,percpu_7_cpu_number,percpu_7_total,percpu_7_user,percpu_7_system,percpu_7_idle,percpu_7_nice,percpu_7_iowait,percpu_7_irq,percpu_7_softirq,percpu_7_steal,percpu_7_guest,percpu_7_guest_nice,load_min1,load_min5,load_min15,load_cpucore,mem_total,mem_available,mem_percent,mem_used,mem_free,mem_active,mem_inactive,mem_buffers,mem_cached,mem_shared,memswap_total,memswap_used,memswap_free,memswap_percent,memswap_sin,memswap_sout,network_eth0_interface_name,network_eth0_time_since_update,network_eth0_cumulative_rx,network_eth0_rx,network_eth0_cumulative_tx,network_eth0_tx,network_eth0_cumulative_cx,network_eth0_cx,network_eth0_is_up,network_eth0_speed,network_eth0_key,network_lo_interface_name,network_lo_time_since_update,network_lo_cumulative_rx,network_lo_rx,network_lo_cumulative_tx,network_lo_tx,network_lo_cumulative_cx,network_lo_cx,network_lo_is_up,network_lo_speed,network_lo_key,diskio_vda_time_since_update,diskio_vda_disk_name,diskio_vda_read_count,diskio_vda_write_count,diskio_vda_read_bytes,diskio_vda_write_bytes,diskio_vda_key,diskio_vda1_time_since_update,diskio_vda1_disk_name,diskio_vda1_read_count,diskio_vda1_write_count,diskio_vda1_read_bytes,diskio_vda1_write_bytes,diskio_vda1_key,diskio_vda2_time_since_update,diskio_vda2_disk_name,diskio_vda2_read_count,diskio_vda2_write_count,diskio_vda2_read_bytes,diskio_vda2_write_bytes,diskio_vda2_key,fs_/_device_name,fs_/_fs_type,fs_/_mnt_point,fs_/_size,fs_/_used,fs_/_free,fs_/_percent,fs_/_key,processcount_total,processcount_running,processcount_sleeping,processcount_thread,processcount_pid_max,ip_address,ip_mask,ip_mask_cidr,ip_gateway,ip_public_address,system_os_name,system_hostname,system_platform,system_linux_distro,system_os_version,system_hr_name,uptime_seconds
2024-12-20 15:46:32,36.3,10.0,2.0,25.0,0.0,0.0,0.0,1.0,0.0,0.0,0.0,447,251,222,0,0.0458526611328125,8,cpu_number,0,88.5,85.6,2.9,11.5,0.0,0.0,0.0,0.0,0.0,0.0,0.0,cpu_number,1,18.3,12.8,0.0,81.7,0.0,0.0,0.0,5.5,0.0,0.0,0.0,cpu_number,2,23.6,20.8,0.9,76.4,0.0,0.0,0.0,1.9,0.0,0.0,0.0,cpu_number,3,42.9,41.0,1.9,57.1,0.0,0.0,0.0,0.0,0.0,0.0,0.0,cpu_number,4,20.0,17.1,1.0,80.0,0.0,0.0,0.0,1.9,0.0,0.0,0.0,cpu_number,5,17.9,16.0,1.9,82.1,0.0,0.0,0.0,0.0,0.0,0.0,0.0,cpu_number,6,55.8,51.9,3.8,44.2,0.0,0.0,0.0,0.0,0.0,0.0,0.0,cpu_number,7,23.4,20.6,2.8,76.6,0.0,0.0,0.0,0.0,0.0,0.0,0.0,0.0,0.45,0.85,8,16589373440,14587678720,12.1,2001694720,14587678720,13299015680,266817536,53288960,12228968448,1081344,0,0,0,0,0,0,eth0,1,44389740158,5056,396461623671,738,440851363829,5794,True,68718428160,interface_name,lo,1,204720453652,0,204720453652,0,409440907304,0,True,0,interface_name,1,vda,0,0,0,0,disk_name,1,vda1,0,0,0,0,disk_name,1,vda2,0,0,0,0,disk_name,/dev/vda2,ext4,/,52708192256,19244220416,31085240320,38.2,mnt_point,167,1,97,457,0,10.24.1.118,255.255.255.0,24,10.24.1.1,106.75.252.73,Linux,ecnu02,64bit,Ubuntu 20.04,5.4.0-48-generic,Ubuntu 20.04 64bit,265665
2024-12-20 15:46:34,11.2,10.0,0.5,89.4,0.0,0.0,0.0,0.1,0.0,0.0,0.0,3095,2301,1294,0,2.0081348419189453,8,cpu_number,0,20.5,20.0,0.5,79.5,0.0,0.0,0.0,0.0,0.0,0.0,0.0,cpu_number,1,9.2,7.8,1.0,90.8,0.0,0.0,0.0,0.5,0.0,0.0,0.0,cpu_number,2,4.9,4.9,0.0,95.1,0.0,0.0,0.0,0.0,0.0,0.0,0.0,cpu_number,3,22.4,21.0,1.5,77.6,0.0,0.0,0.0,0.0,0.0,0.0,0.0,cpu_number,4,14.9,14.4,0.5,85.1,0.0,0.0,0.0,0.0,0.0,0.0,0.0,cpu_number,5,5.9,4.9,1.0,94.1,0.0,0.0,0.0,0.0,0.0,0.0,0.0,cpu_number,6,2.9,2.9,0.0,97.1,0.0,0.0,0.0,0.0,0.0,0.0,0.0,cpu_number,7,7.4,7.4,0.0,92.6,0.0,0.0,0.0,0.0,0.0,0.0,0.0,0.0,0.45,0.85,8,16589373440,14496673792,12.6,2092699648,14496673792,13389488128,266711040,53293056,12229074944,1081344,0,0,0,0,0,0,eth0,2.007992744445801,44389743259,3101,396461636477,12806,440851379736,15907,True,68718428160,interface_name,lo,2.007992744445801,204720454486,834,204720454486,834,409440908972,1668,True,0,interface_name,2.0081331729888916,vda,0,38,0,307200,disk_name,2.0081331729888916,vda1,0,0,0,0,disk_name,2.0081331729888916,vda2,0,38,0,307200,disk_name,/dev/vda2,ext4,/,52708192256,19244236800,31085223936,38.2,mnt_point,167,1,97,462,0,10.24.1.118,255.255.255.0,24,10.24.1.1,106.75.252.73,Linux,ecnu02,64bit,Ubuntu 20.04,5.4.0-48-generic,Ubuntu 20.04 64bit,265667
2024-12-20 15:46:36,0.3,0.1,0.2,99.7,0.0,0.0,0.0,0.0,0.0,0.0,0.0,1009,565,449,0,2.009610891342163,8,cpu_number,0,0.0,0.0,0.0,100.0,0.0,0.0,0.0,0.0,0.0,0.0,0.0,cpu_number,1,0.0,0.0,0.0,100.0,0.0,0.0,0.0,0.0,0.0,0.0,0.0,cpu_number,2,0.0,0.0,0.0,100.0,0.0,0.0,0.0,0.0,0.0,0.0,0.0,cpu_number,3,0.0,0.0,0.0,100.0,0.0,0.0,0.0,0.0,0.0,0.0,0.0,cpu_number,4,1.5,1.0,0.5,98.5,0.0,0.0,0.0,0.0,0.0,0.0,0.0,cpu_number,5,0.0,0.0,0.0,100.0,0.0,0.0,0.0,0.0,0.0,0.0,0.0,cpu_number,6,0.0,0.0,0.0,100.0,0.0,0.0,0.0,0.0,0.0,0.0,0.0,cpu_number,7,1.0,0.5,0.5,99.0,0.0,0.0,0.0,0.0,0.0,0.0,0.0,0.0,0.45,0.85,8,16589373440,14501781504,12.6,2087591936,14501781504,13382721536,266711040,53293056,12229074944,1081344,0,0,0,0,0,0,eth0,2.009265899658203,44389743652,393,396461639463,2986,440851383115,3379,True,68718428160,interface_name,lo,2.009265899658203,204720454486,0,204720454486,0,409440908972,0,True,0,interface_name,2.0092222690582275,vda,0,0,0,0,disk_name,2.0092222690582275,vda1,0,0,0,0,disk_name,2.0092222690582275,vda2,0,0,0,0,disk_name,/dev/vda2,ext4,/,52708192256,19244236800,31085223936,38.2,mnt_point,165,1,95,458,0,10.24.1.118,255.255.255.0,24,10.24.1.1,106.75.252.73,Linux,ecnu02,64bit,Ubuntu 20.04,5.4.0-48-generic,Ubuntu 20.04 64bit,265669
2024-12-20 15:46:38,9.9,8.9,1.0,90.1,0.0,0.0,0.0,0.0,0.0,0.0,0.0,6225,4336,1200,0,2.0090248584747314,8,cpu_number,0,8.5,8.5,0.0,91.5,0.0,0.0,0.0,0.0,0.0,0.0,0.0,cpu_number,1,10.0,9.5,0.5,90.0,0.0,0.0,0.0,0.0,0.0,0.0,0.0,cpu_number,2,5.0,4.5,0.5,95.0,0.0,0.0,0.0,0.0,0.0,0.0,0.0,cpu_number,3,9.0,8.0,1.0,91.0,0.0,0.0,0.0,0.0,0.0,0.0,0.0,cpu_number,4,10.1,9.1,1.0,89.9,0.0,0.0,0.0,0.0,0.0,0.0,0.0,cpu_number,5,4.5,3.5,1.0,95.5,0.0,0.0,0.0,0.0,0.0,0.0,0.0,cpu_number,6,29.9,26.4,3.5,70.1,0.0,0.0,0.0,0.0,0.0,0.0,0.0,cpu_number,7,4.5,3.0,1.5,95.5,0.0,0.0,0.0,0.0,0.0,0.0,0.0,0.0,0.45,0.85,8,16589373440,14423629824,13.1,2165743616,14423629824,13463674880,266711040,53301248,12229066752,1081344,0,0,0,0,0,0,eth0,2.009066343307495,44389790081,46429,396461648845,9382,440851438926,55811,True,68718428160,interface_name,lo,2.009066343307495,204720454486,0,204720454486,0,409440908972,0,True,0,interface_name,2.0089170932769775,vda,0,2,0,53248,disk_name,2.0089170932769775,vda1,0,0,0,0,disk_name,2.0089170932769775,vda2,0,2,0,53248,disk_name,/dev/vda2,ext4,/,52708192256,19244400640,31085060096,38.2,mnt_point,165,1,95,461,0,10.24.1.118,255.255.255.0,24,10.24.1.1,106.75.252.73,Linux,ecnu02,64bit,Ubuntu 20.04,5.4.0-48-generic,Ubuntu 20.04 64bit,265671
2024-12-20 15:46:40,36.8,35.0,1.7,63.2,0.0,0.0,0.0,0.1,0.0,0.0,0.0,10961,6862,3408,0,2.0103747844696045,8,cpu_number,0,51.5,49.0,2.0,48.5,0.0,0.0,0.0,0.5,0.0,0.0,0.0,cpu_number,1,40.7,37.2,3.5,59.3,0.0,0.0,0.0,0.0,0.0,0.0,0.0,cpu_number,2,31.3,29.8,1.5,68.7,0.0,0.0,0.0,0.0,0.0,0.0,0.0,cpu_number,3,45.5,43.6,2.0,54.5,0.0,0.0,0.0,0.0,0.0,0.0,0.0,cpu_number,4,40.1,38.1,2.0,59.9,0.0,0.0,0.0,0.0,0.0,0.0,0.0,cpu_number,5,13.9,12.9,0.5,86.1,0.0,0.0,0.0,0.5,0.0,0.0,0.0,cpu_number,6,41.4,41.4,0.0,58.6,0.0,0.0,0.0,0.0,0.0,0.0,0.0,cpu_number,7,28.6,26.6,2.0,71.4,0.0,0.0,0.0,0.0,0.0,0.0,0.0,0.16,0.47,0.85,8,16589373440,14182133760,14.5,2407239680,14182133760,13705920512,266854400,53301248,12229238784,1081344,0,0,0,0,0,0,eth0,2.009188175201416,44389839920,49839,396461654860,6015,440851494780,55854,True,68718428160,interface_name,lo,2.009188175201416,204729002985,8548499,204729002985,8548499,409458005970,17096998,True,0,interface_name,2.0092029571533203,vda,0,0,0,0,disk_name,2.0092029571533203,vda1,0,0,0,0,disk_name,2.0092029571533203,vda2,0,0,0,0,disk_name,/dev/vda2,ext4,/,52708192256,19244417024,31085043712,38.2,mnt_point,165,1,95,466,0,10.24.1.118,255.255.255.0,24,10.24.1.1,106.75.252.73,Linux,ecnu02,64bit,Ubuntu 20.04,5.4.0-48-generic,Ubuntu 20.04 64bit,265673
2024-12-20 15:46:42,28.1,26.5,0.9,71.9,0.0,0.0,0.0,0.7,0.0,0.0,0.0,6914,4628,5788,0,2.0096371173858643,8,cpu_number,0,58.4,56.9,0.5,41.6,0.0,0.0,0.0,0.5,0.5,0.0,0.0,cpu_number,1,8.2,4.3,1.4,91.8,0.0,0.0,0.0,2.4,0.0,0.0,0.0,cpu_number,2,73.6,72.1,0.5,26.4,0.0,0.0,0.0,1.0,0.0,0.0,0.0,cpu_number,3,14.4,13.4,0.5,85.6,0.0,0.0,0.0,0.5,0.0,0.0,0.0,cpu_number,4,26.3,25.3,1.0,73.7,0.0,0.0,0.0,0.0,0.0,0.0,0.0,cpu_number,5,4.0,2.5,1.5,96.0,0.0,0.0,0.0,0.0,0.0,0.0,0.0,cpu_number,6,34.8,33.3,1.0,65.2,0.0,0.0,0.0,0.5,0.0,0.0,0.0,cpu_number,7,5.5,5.0,0.5,94.5,0.0,0.0,0.0,0.0,0.0,0.0,0.0,0.16,0.47,0.85,8,16589373440,14091792384,15.1,2497581056,14091792384,13794402304,266854400,53301248,12229238784,1081344,0,0,0,0,0,0,eth0,2.0109031200408936,44389840631,711,396461658932,4072,440851499563,4783,True,68718428160,interface_name,lo,2.0109031200408936,204802701823,73698838,204802701823,73698838,409605403646,147397676,True,0,interface_name,2.011049270629883,vda,0,0,0,0,disk_name,2.011049270629883,vda1,0,0,0,0,disk_name,2.011049270629883,vda2,0,0,0,0,disk_name,/dev/vda2,ext4,/,52708192256,19244417024,31085043712,38.2,mnt_point,165,1,95,466,0,10.24.1.118,255.255.255.0,24,10.24.1.1,106.75.252.73,Linux,ecnu02,64bit,Ubuntu 20.04,5.4.0-48-generic,Ubuntu 20.04 64bit,265675
2024-12-20 15:46:44,27.3,25.5,0.9,72.7,0.0,0.0,0.0,1.0,0.0,0.0,0.0,6582,4427,5617,0,2.0083813667297363,8,cpu_number,0,81.0,78.5,1.5,19.0,0.0,0.0,0.0,1.0,0.0,0.0,0.0,cpu_number,1,14.0,7.0,1.4,86.0,0.0,0.0,0.0,5.6,0.0,0.0,0.0,cpu_number,2,19.2,16.7,1.0,80.8,0.0,0.0,0.0,1.5,0.0,0.0,0.0,cpu_number,3,8.5,8.5,0.0,91.5,0.0,0.0,0.0,0.0,0.0,0.0,0.0,cpu_number,4,57.2,55.2,1.5,42.8,0.0,0.0,0.0,0.5,0.0,0.0,0.0,cpu_number,5,20.4,19.9,0.5,79.6,0.0,0.0,0.0,0.0,0.0,0.0,0.0,cpu_number,6,11.4,10.4,1.0,88.6,0.0,0.0,0.0,0.0,0.0,0.0,0.0,cpu_number,7,9.5,9.0,0.5,90.5,0.0,0.0,0.0,0.0,0.0,0.0,0.0,0.16,0.47,0.85,8,16589373440,14089707520,15.1,2499665920,14089707520,13795385344,266854400,53309440,12229079040,1081344,0,0,0,0,0,0,eth0,2.008549451828003,44389841456,825,396461664980,6048,440851506436,6873,True,68718428160,interface_name,lo,2.008549451828003,204879287102,76585279,204879287102,76585279,409758574204,153170558,True,0,interface_name,2.0085690021514893,vda,0,2,0,86016,disk_name,2.0085690021514893,vda1,0,0,0,0,disk_name,2.0085690021514893,vda2,0,2,0,86016,disk_name,/dev/vda2,ext4,/,52708192256,19244417024,31085043712,38.2,mnt_point,165,1,95,466,0,10.24.1.118,255.255.255.0,24,10.24.1.1,106.75.252.73,Linux,ecnu02,64bit,Ubuntu 20.04,5.4.0-48-generic,Ubuntu 20.04 64bit,265677
2024-12-20 15:46:46,27.8,26.3,0.5,72.2,0.0,0.0,0.0,1.0,0.0,0.0,0.0,6579,4103,5713,0,2.0091800689697266,8,cpu_number,0,6.3,2.4,0.5,93.7,0.0,0.0,0.0,3.4,0.0,0.0,0.0,cpu_number,1,8.8,6.3,0.0,91.2,0.0,0.0,0.0,2.4,0.0,0.0,0.0,cpu_number,2,14.4,13.9,0.0,85.6,0.0,0.0,0.0,0.5,0.0,0.0,0.0,cpu_number,3,12.4,11.9,0.5,87.6,0.0,0.0,0.0,0.0,0.0,0.0,0.0,cpu_number,4,40.0,39.0,1.0,60.0,0.0,0.0,0.0,0.0,0.0,0.0,0.0,cpu_number,5,38.5,38.5,0.0,61.5,0.0,0.0,0.0,0.0,0.0,0.0,0.0,cpu_number,6,83.2,81.7,0.5,16.8,0.0,0.0,0.0,1.0,0.0,0.0,0.0,cpu_number,7,17.9,17.4,0.5,82.1,0.0,0.0,0.0,0.0,0.0,0.0,0.0,0.31,0.5,0.86,8,16589373440,14088577024,15.1,2500796416,14088577024,13795516416,266854400,53309440,12229079040,1081344,0,0,0,0,0,0,eth0,2.0091068744659424,44389841800,344,396461667424,2444,440851509224,2788,True,68718428160,interface_name,lo,2.0091068744659424,204953494329,74207227,204953494329,74207227,409906988658,148414454,True,0,interface_name,2.009092330932617,vda,0,0,0,0,disk_name,2.009092330932617,vda1,0,0,0,0,disk_name,2.009092330932617,vda2,0,0,0,0,disk_name,/dev/vda2,ext4,/,52708192256,19244417024,31085043712,38.2,mnt_point,165,1,95,466,0,10.24.1.118,255.255.255.0,24,10.24.1.1,106.75.252.73,Linux,ecnu02,64bit,Ubuntu 20.04,5.4.0-48-generic,Ubuntu 20.04 64bit,265679
2024-12-20 15:46:48,29.8,28.1,0.9,70.2,0.0,0.0,0.0,0.8,0.0,0.0,0.0,7102,5826,5867,0,2.0114192962646484,8,cpu_number,0,47.3,42.4,1.5,52.7,0.0,0.0,0.0,3.4,0.0,0.0,0.0,cpu_number,1,13.3,11.8,0.0,86.7,0.0,0.0,0.0,1.5,0.0,0.0,0.0,cpu_number,2,30.7,28.6,2.0,69.3,0.0,0.0,0.0,0.0,0.0,0.0,0.0,cpu_number,3,70.5,69.0,1.0,29.5,0.0,0.0,0.0,0.5,0.0,0.0,0.0,cpu_number,4,9.0,8.5,0.5,91.0,0.0,0.0,0.0,0.0,0.0,0.0,0.0,cpu_number,5,10.5,8.5,1.5,89.5,0.0,0.0,0.0,0.5,0.0,0.0,0.0,cpu_number,6,6.5,6.5,0.0,93.5,0.0,0.0,0.0,0.0,0.0,0.0,0.0,cpu_number,7,51.2,49.8,1.0,48.8,0.0,0.0,0.0,0.5,0.0,0.0,0.0,0.31,0.5,0.86,8,16589373440,14059511808,15.2,2529861632,14059511808,13825064960,268722176,53309440,12230971392,1081344,0,0,0,0,0,0,eth0,2.009488821029663,44389878947,37147,396461683203,15779,440851562150,52926,True,68718428160,interface_name,lo,2.009488821029663,205026424321,72929992,205026424321,72929992,410052848642,145859984,True,0,interface_name,2.009291648864746,vda,0,0,0,0,disk_name,2.009291648864746,vda1,0,0,0,0,disk_name,2.009291648864746,vda2,0,0,0,0,disk_name,/dev/vda2,ext4,/,52708192256,19246530560,31082930176,38.2,mnt_point,165,1,95,467,0,10.24.1.118,255.255.255.0,24,10.24.1.1,106.75.252.73,Linux,ecnu02,64bit,Ubuntu 20.04,5.4.0-48-generic,Ubuntu 20.04 64bit,265681
2024-12-20 15:46:50,27.4,26.0,0.6,72.6,0.0,0.0,0.0,0.9,0.0,0.0,0.0,5752,4695,6198,0,2.006520986557007,8,cpu_number,0,2.9,1.0,1.0,97.1,0.0,0.0,0.0,1.0,0.0,0.0,0.0,cpu_number,1,93.0,92.0,1.0,7.0,0.0,0.0,0.0,0.0,0.0,0.0,0.0,cpu_number,2,71.8,67.0,0.5,28.2,0.0,0.0,0.0,4.3,0.0,0.0,0.0,cpu_number,3,2.0,2.0,0.0,98.0,0.0,0.0,0.0,0.0,0.0,0.0,0.0,cpu_number,4,4.9,3.4,0.5,95.1,0.0,0.0,0.0,1.0,0.0,0.0,0.0,cpu_number,5,24.9,23.4,1.5,75.1,0.0,0.0,0.0,0.0,0.0,0.0,0.0,cpu_number,6,12.9,12.4,0.5,87.1,0.0,0.0,0.0,0.0,0.0,0.0,0.0,cpu_number,7,6.0,5.5,0.5,94.0,0.0,0.0,0.0,0.0,0.0,0.0,0.0,0.45,0.52,0.87,8,16589373440,14058897408,15.3,2530476032,14058897408,13825712128,268722176,53309440,12230971392,1081344,0,0,0,0,0,0,eth0,2.0068650245666504,44389879340,393,396461686501,3298,440851565841,3691,True,68718428160,interface_name,lo,2.0068650245666504,205106977288,80552967,205106977288,80552967,410213954576,161105934,True,0,interface_name,2.0068578720092773,vda,0,0,0,0,disk_name,2.0068578720092773,vda1,0,0,0,0,disk_name,2.0068578720092773,vda2,0,0,0,0,disk_name,/dev/vda2,ext4,/,52708192256,19246530560,31082930176,38.2,mnt_point,165,1,95,467,0,10.24.1.118,255.255.255.0,24,10.24.1.1,106.75.252.73,Linux,ecnu02,64bit,Ubuntu 20.04,5.4.0-48-generic,Ubuntu 20.04 64bit,265683
2024-12-20 15:46:52,27.0,25.0,0.7,73.0,0.0,0.0,0.0,1.2,0.0,0.0,0.0,5463,4351,5882,0,2.0079498291015625,8,cpu_number,0,13.0,5.6,0.0,87.0,0.0,0.0,0.0,7.4,0.0,0.0,0.0,cpu_number,1,92.5,90.5,1.0,7.5,0.0,0.0,0.0,1.0,0.0,0.0,0.0,cpu_number,2,15.4,13.9,1.0,84.6,0.0,0.0,0.0,0.5,0.0,0.0,0.0,cpu_number,3,16.3,15.8,0.0,83.7,0.0,0.0,0.0,0.5,0.0,0.0,0.0,cpu_number,4,8.5,7.0,1.5,91.5,0.0,0.0,0.0,0.0,0.0,0.0,0.0,cpu_number,5,4.0,3.5,0.5,96.0,0.0,0.0,0.0,0.0,0.0,0.0,0.0,cpu_number,6,65.5,64.0,1.0,34.5,0.0,0.0,0.0,0.5,0.0,0.0,0.0,cpu_number,7,1.0,0.5,0.5,99.0,0.0,0.0,0.0,0.0,0.0,0.0,0.0,0.45,0.52,0.87,8,16589373440,14057689088,15.3,2531684352,14057689088,13827817472,268722176,53317632,12230971392,1081344,0,0,0,0,0,0,eth0,2.0093681812286377,44389879752,412,396461689423,2922,440851569175,3334,True,68718428160,interface_name,lo,2.0093681812286377,205185867980,78890692,205185867980,78890692,410371735960,157781384,True,0,interface_name,2.009409189224243,vda,0,2,0,405504,disk_name,2.009409189224243,vda1,0,0,0,0,disk_name,2.009409189224243,vda2,0,2,0,405504,disk_name,/dev/vda2,ext4,/,52708192256,19246530560,31082930176,38.2,mnt_point,165,1,95,467,0,10.24.1.118,255.255.255.0,24,10.24.1.1,106.75.252.73,Linux,ecnu02,64bit,Ubuntu 20.04,5.4.0-48-generic,Ubuntu 20.04 64bit,265685
2024-12-20 15:46:54,26.6,25.4,0.6,73.4,0.0,0.0,0.0,0.5,0.1,0.0,0.0,5782,4271,5623,0,2.0095810890197754,8,cpu_number,0,54.0,52.0,1.0,46.0,0.0,0.0,0.0,1.0,0.0,0.0,0.0,cpu_number,1,31.2,30.2,0.0,68.8,0.0,0.0,0.0,1.0,0.0,0.0,0.0,cpu_number,2,12.9,11.4,0.5,87.1,0.0,0.0,0.0,1.0,0.0,0.0,0.0,cpu_number,3,1.0,0.5,0.5,99.0,0.0,0.0,0.0,0.0,0.0,0.0,0.0,cpu_number,4,55.5,54.0,1.0,44.5,0.0,0.0,0.0,0.5,0.0,0.0,0.0,cpu_number,5,10.0,10.0,0.0,90.0,0.0,0.0,0.0,0.0,0.0,0.0,0.0,cpu_number,6,22.5,22.0,0.5,77.5,0.0,0.0,0.0,0.0,0.0,0.0,0.0,cpu_number,7,24.6,23.6,1.0,75.4,0.0,0.0,0.0,0.0,0.0,0.0,0.0,0.45,0.52,0.87,8,16589373440,14055563264,15.3,2533810176,14055563264,13829582848,268726272,53317632,12230979584,1081344,0,0,0,0,0,0,eth0,2.009441375732422,44389880571,819,396461696288,6865,440851576859,7684,True,68718428160,interface_name,lo,2.009441375732422,205263413832,77545852,205263413832,77545852,410526827664,155091704,True,0,interface_name,2.009535789489746,vda,0,1,0,8192,disk_name,2.009535789489746,vda1,0,0,0,0,disk_name,2.009535789489746,vda2,0,1,0,8192,disk_name,/dev/vda2,ext4,/,52708192256,19246534656,31082926080,38.2,mnt_point,165,1,95,467,0,10.24.1.118,255.255.255.0,24,10.24.1.1,106.75.252.73,Linux,ecnu02,64bit,Ubuntu 20.04,5.4.0-48-generic,Ubuntu 20.04 64bit,265687
2024-12-20 15:46:56,31.1,29.6,0.8,68.9,0.0,0.0,0.0,0.7,0.0,0.0,0.0,6152,6267,6475,0,2.008030652999878,8,cpu_number,0,9.1,4.8,0.5,90.9,0.0,0.0,0.0,3.8,0.0,0.0,0.0,cpu_number,1,81.4,79.4,2.0,18.6,0.0,0.0,0.0,0.0,0.0,0.0,0.0,cpu_number,2,5.5,4.0,0.5,94.5,0.0,0.0,0.0,1.0,0.0,0.0,0.0,cpu_number,3,87.0,85.5,1.0,13.0,0.0,0.0,0.0,0.5,0.0,0.0,0.0,cpu_number,4,32.2,31.7,0.0,67.8,0.0,0.0,0.0,0.5,0.0,0.0,0.0,cpu_number,5,3.5,2.5,1.0,96.5,0.0,0.0,0.0,0.0,0.0,0.0,0.0,cpu_number,6,18.5,18.0,0.5,81.5,0.0,0.0,0.0,0.0,0.0,0.0,0.0,cpu_number,7,13.5,12.5,1.0,86.5,0.0,0.0,0.0,0.0,0.0,0.0,0.0,0.65,0.56,0.88,8,16589373440,14030127104,15.4,2559246336,14030127104,13853622272,270540800,53325824,12232888320,1081344,0,0,0,0,0,0,eth0,2.0082175731658936,44389917644,37073,396461712998,16710,440851630642,53783,True,68718428160,interface_name,lo,2.0082175731658936,205343954910,80541078,205343954910,80541078,410687909820,161082156,True,0,interface_name,2.008225917816162,vda,0,2,0,405504,disk_name,2.008225917816162,vda1,0,0,0,0,disk_name,2.008225917816162,vda2,0,2,0,405504,disk_name,/dev/vda2,ext4,/,52708192256,19248349184,31081111552,38.2,mnt_point,165,1,95,467,0,10.24.1.118,255.255.255.0,24,10.24.1.1,106.75.252.73,Linux,ecnu02,64bit,Ubuntu 20.04,5.4.0-48-generic,Ubuntu 20.04 64bit,265689
2024-12-20 15:46:58,27.3,25.1,0.4,72.7,0.0,0.0,0.0,1.7,0.0,0.0,0.0,5498,4252,5760,0,2.0303492546081543,8,cpu_number,0,32.7,29.8,1.0,67.3,0.0,0.0,0.0,2.0,0.0,0.0,0.0,cpu_number,1,12.9,2.7,0.4,87.1,0.0,0.0,0.0,9.8,0.0,0.0,0.0,cpu_number,2,57.2,56.2,1.0,42.8,0.0,0.0,0.0,0.0,0.0,0.0,0.0,cpu_number,3,42.9,42.4,0.0,57.1,0.0,0.0,0.0,0.5,0.0,0.0,0.0,cpu_number,4,54.7,54.7,0.0,45.3,0.0,0.0,0.0,0.0,0.0,0.0,0.0,cpu_number,5,0.0,0.0,0.0,100.0,0.0,0.0,0.0,0.0,0.0,0.0,0.0,cpu_number,6,17.2,15.7,1.0,82.8,0.0,0.0,0.0,0.5,0.0,0.0,0.0,cpu_number,7,2.0,1.5,0.5,98.0,0.0,0.0,0.0,0.0,0.0,0.0,0.0,0.65,0.56,0.88,8,16589373440,14029053952,15.4,2560319488,14029053952,13853732864,270540800,53325824,12232888320,1081344,0,0,0,0,0,0,eth0,2.030433416366577,44389918128,484,396461716547,3549,440851634675,4033,True,68718428160,interface_name,lo,2.030433416366577,205424643743,80688833,205424643743,80688833,410849287486,161377666,True,0,interface_name,2.0304794311523438,vda,0,0,0,0,disk_name,2.0304794311523438,vda1,0,0,0,0,disk_name,2.0304794311523438,vda2,0,0,0,0,disk_name,/dev/vda2,ext4,/,52708192256,19248349184,31081111552,38.2,mnt_point,165,1,95,467,0,10.24.1.118,255.255.255.0,24,10.24.1.1,106.75.252.73,Linux,ecnu02,64bit,Ubuntu 20.04,5.4.0-48-generic,Ubuntu 20.04 64bit,265691
2024-12-20 15:47:00,26.9,25.8,0.7,73.1,0.0,0.0,0.0,0.4,0.0,0.0,0.0,6063,4531,6032,0,2.010587215423584,8,cpu_number,0,4.9,3.0,0.5,95.1,0.0,0.0,0.0,1.5,0.0,0.0,0.0,cpu_number,1,4.0,2.0,0.5,96.0,0.0,0.0,0.0,1.5,0.0,0.0,0.0,cpu_number,2,3.0,2.5,0.5,97.0,0.0,0.0,0.0,0.0,0.0,0.0,0.0,cpu_number,3,65.8,63.9,1.5,34.2,0.0,0.0,0.0,0.5,0.0,0.0,0.0,cpu_number,4,31.8,31.3,0.5,68.2,0.0,0.0,0.0,0.0,0.0,0.0,0.0,cpu_number,5,25.1,24.1,1.0,74.9,0.0,0.0,0.0,0.0,0.0,0.0,0.0,cpu_number,6,68.0,67.0,0.5,32.0,0.0,0.0,0.0,0.5,0.0,0.0,0.0,cpu_number,7,11.8,11.8,0.0,88.2,0.0,0.0,0.0,0.0,0.0,0.0,0.0,0.76,0.59,0.88,8,16589373440,14028492800,15.4,2560880640,14028492800,13853745152,270544896,53325824,12232892416,1081344,0,0,0,0,0,0,eth0,2.009570360183716,44389918715,587,396461720341,3794,440851639056,4381,True,68718428160,interface_name,lo,2.009570360183716,205503141433,78497690,205503141433,78497690,411006282866,156995380,True,0,interface_name,2.0094170570373535,vda,0,0,0,0,disk_name,2.0094170570373535,vda1,0,0,0,0,disk_name,2.0094170570373535,vda2,0,0,0,0,disk_name,/dev/vda2,ext4,/,52708192256,19248353280,31081107456,38.2,mnt_point,165,1,95,467,0,10.24.1.118,255.255.255.0,24,10.24.1.1,106.75.252.73,Linux,ecnu02,64bit,Ubuntu 20.04,5.4.0-48-generic,Ubuntu 20.04 64bit,265693
2024-12-20 15:47:02,27.3,25.8,0.6,72.8,0.0,0.0,0.0,0.8,0.0,0.0,0.0,5537,5297,6318,0,2.0100138187408447,8,cpu_number,0,44.6,43.1,0.5,55.4,0.0,0.0,0.0,1.0,0.0,0.0,0.0,cpu_number,1,6.8,3.9,0.0,93.2,0.0,0.0,0.0,2.9,0.0,0.0,0.0,cpu_number,2,7.3,4.4,1.0,92.7,0.0,0.0,0.0,2.0,0.0,0.0,0.0,cpu_number,3,2.0,1.5,0.5,98.0,0.0,0.0,0.0,0.0,0.0,0.0,0.0,cpu_number,4,55.9,54.5,1.0,44.1,0.0,0.0,0.0,0.5,0.0,0.0,0.0,cpu_number,5,3.0,2.5,0.5,97.0,0.0,0.0,0.0,0.0,0.0,0.0,0.0,cpu_number,6,55.0,53.5,1.5,45.0,0.0,0.0,0.0,0.0,0.0,0.0,0.0,cpu_number,7,45.2,45.2,0.0,54.8,0.0,0.0,0.0,0.0,0.0,0.0,0.0,0.76,0.59,0.88,8,16589373440,14024622080,15.5,2564751360,14024622080,13858103296,272424960,53329920,12234838016,1081344,0,0,0,0,0,0,eth0,2.0086019039154053,44389955654,36939,396461737347,17006,440851693001,53945,True,68718428160,interface_name,lo,2.0086019039154053,205583114448,79973015,205583114448,79973015,411166228896,159946030,True,0,interface_name,2.0087573528289795,vda,0,2,0,36864,disk_name,2.0087573528289795,vda1,0,0,0,0,disk_name,2.0087573528289795,vda2,0,2,0,36864,disk_name,/dev/vda2,ext4,/,52708192256,19250241536,31079219200,38.2,mnt_point,166,1,96,469,0,10.24.1.118,255.255.255.0,24,10.24.1.1,106.75.252.73,Linux,ecnu02,64bit,Ubuntu 20.04,5.4.0-48-generic,Ubuntu 20.04 64bit,265695
2024-12-20 15:47:04,27.5,26.1,0.7,72.5,0.0,0.0,0.0,0.8,0.0,0.0,0.0,6244,4071,5604,0,2.006462812423706,8,cpu_number,0,96.0,94.0,1.5,4.0,0.0,0.0,0.0,0.5,0.0,0.0,0.0,cpu_number,1,9.4,3.3,0.5,90.6,0.0,0.0,0.0,5.7,0.0,0.0,0.0,cpu_number,2,8.4,7.9,0.5,91.6,0.0,0.0,0.0,0.0,0.0,0.0,0.0,cpu_number,3,29.5,28.5,1.0,70.5,0.0,0.0,0.0,0.0,0.0,0.0,0.0,cpu_number,4,17.5,17.5,0.0,82.5,0.0,0.0,0.0,0.0,0.0,0.0,0.0,cpu_number,5,2.5,2.0,0.5,97.5,0.0,0.0,0.0,0.0,0.0,0.0,0.0,cpu_number,6,1.0,1.0,0.0,99.0,0.0,0.0,0.0,0.0,0.0,0.0,0.0,cpu_number,7,56.0,55.0,1.0,44.0,0.0,0.0,0.0,0.0,0.0,0.0,0.0,0.76,0.59,0.88,8,16589373440,14024654848,15.5,2564718592,14024654848,13858439168,272433152,53329920,12234854400,1081344,0,0,0,0,0,0,eth0,2.0089261531829834,44389956238,584,396461742242,4895,440851698480,5479,True,68718428160,interface_name,lo,2.0089261531829834,205660528530,77414082,205660528530,77414082,411321057060,154828164,True,0,interface_name,2.0089292526245117,vda,0,9,0,126976,disk_name,2.0089292526245117,vda1,0,0,0,0,disk_name,2.0089292526245117,vda2,0,9,0,126976,disk_name,/dev/vda2,ext4,/,52708192256,19250241536,31079219200,38.2,mnt_point,166,1,96,469,0,10.24.1.118,255.255.255.0,24,10.24.1.1,106.75.252.73,Linux,ecnu02,64bit,Ubuntu 20.04,5.4.0-48-generic,Ubuntu 20.04 64bit,265697
2024-12-20 15:47:06,26.1,25.2,0.4,73.9,0.0,0.0,0.0,0.6,0.0,0.0,0.0,5534,4359,5898,0,2.0096235275268555,8,cpu_number,0,85.1,83.1,1.0,14.9,0.0,0.0,0.0,1.0,0.0,0.0,0.0,cpu_number,1,17.4,14.5,0.5,82.6,0.0,0.0,0.0,1.9,0.5,0.0,0.0,cpu_number,2,3.0,2.0,0.0,97.0,0.0,0.0,0.0,1.0,0.0,0.0,0.0,cpu_number,3,97.0,95.5,1.0,3.0,0.0,0.0,0.0,0.5,0.0,0.0,0.0,cpu_number,4,3.5,2.5,1.0,96.5,0.0,0.0,0.0,0.0,0.0,0.0,0.0,cpu_number,5,3.0,2.5,0.5,97.0,0.0,0.0,0.0,0.0,0.0,0.0,0.0,cpu_number,6,0.5,0.5,0.0,99.5,0.0,0.0,0.0,0.0,0.0,0.0,0.0,cpu_number,7,1.5,1.5,0.0,98.5,0.0,0.0,0.0,0.0,0.0,0.0,0.0,0.86,0.61,0.89,8,16589373440,14030233600,15.4,2559139840,14030233600,13851820032,272437248,53329920,12234858496,1081344,0,0,0,0,0,0,eth0,2.0092720985412598,44389956757,519,396461746116,3874,440851702873,4393,True,68718428160,interface_name,lo,2.0092720985412598,205737245579,76717049,205737245579,76717049,411474491158,153434098,True,0,interface_name,2.009249210357666,vda,0,0,0,0,disk_name,2.009249210357666,vda1,0,0,0,0,disk_name,2.009249210357666,vda2,0,0,0,0,disk_name,/dev/vda2,ext4,/,52708192256,19250245632,31079215104,38.2,mnt_point,165,1,95,467,0,10.24.1.118,255.255.255.0,24,10.24.1.1,106.75.252.73,Linux,ecnu02,64bit,Ubuntu 20.04,5.4.0-48-generic,Ubuntu 20.04 64bit,265699
2024-12-20 15:47:08,27.3,25.9,0.6,72.7,0.0,0.0,0.0,0.8,0.0,0.0,0.0,6410,4615,5912,0,2.0093307495117188,8,cpu_number,0,11.4,5.7,0.0,88.6,0.0,0.0,0.0,5.7,0.0,0.0,0.0,cpu_number,1,91.5,90.0,1.0,8.5,0.0,0.0,0.0,0.5,0.0,0.0,0.0,cpu_number,2,48.2,47.7,0.5,51.8,0.0,0.0,0.0,0.0,0.0,0.0,0.0,cpu_number,3,51.7,50.7,1.0,48.3,0.0,0.0,0.0,0.0,0.0,0.0,0.0,cpu_number,4,3.5,3.5,0.0,96.5,0.0,0.0,0.0,0.0,0.0,0.0,0.0,cpu_number,5,4.0,4.0,0.0,96.0,0.0,0.0,0.0,0.0,0.0,0.0,0.0,cpu_number,6,3.9,3.4,0.0,96.1,0.0,0.5,0.0,0.0,0.0,0.0,0.0,cpu_number,7,5.0,3.5,1.5,95.0,0.0,0.0,0.0,0.0,0.0,0.0,0.0,0.86,0.61,0.89,8,16589373440,14030655488,15.4,2558717952,14030655488,13852008448,273502208,53334016,12235915264,1081344,0,0,0,0,0,0,eth0,2.0093040466308594,44389975552,18795,396461756567,10451,440851732119,29246,True,68718428160,interface_name,lo,2.0093040466308594,205817082686,79837107,205817082686,79837107,411634165372,159674214,True,0,interface_name,2.0093095302581787,vda,0,33,0,1015808,disk_name,2.0093095302581787,vda1,0,0,0,0,disk_name,2.0093095302581787,vda2,0,33,0,1015808,disk_name,/dev/vda2,ext4,/,52708192256,19251171328,31078289408,38.3,mnt_point,165,1,95,467,0,10.24.1.118,255.255.255.0,24,10.24.1.1,106.75.252.73,Linux,ecnu02,64bit,Ubuntu 20.04,5.4.0-48-generic,Ubuntu 20.04 64bit,265701
2024-12-20 15:47:10,27.3,26.1,0.4,72.7,0.0,0.0,0.0,0.7,0.0,0.0,0.0,5981,4711,6225,0,2.0082828998565674,8,cpu_number,0,28.2,24.8,0.0,71.8,0.0,0.0,0.0,3.4,0.0,0.0,0.0,cpu_number,1,15.8,15.3,0.0,84.2,0.0,0.0,0.0,0.5,0.0,0.0,0.0,cpu_number,2,60.9,59.4,1.0,39.1,0.0,0.0,0.0,0.5,0.0,0.0,0.0,cpu_number,3,17.2,16.7,0.0,82.8,0.0,0.0,0.0,0.5,0.0,0.0,0.0,cpu_number,4,16.6,15.6,1.0,83.4,0.0,0.0,0.0,0.0,0.0,0.0,0.0,cpu_number,5,3.0,2.5,0.5,97.0,0.0,0.0,0.0,0.0,0.0,0.0,0.0,cpu_number,6,15.0,14.0,1.0,85.0,0.0,0.0,0.0,0.0,0.0,0.0,0.0,cpu_number,7,60.9,60.4,0.0,39.1,0.0,0.0,0.0,0.5,0.0,0.0,0.0,0.95,0.64,0.9,8,16589373440,14028263424,15.4,2561110016,14028263424,13855744000,274313216,53334016,12236836864,1081344,0,0,0,0,0,0,eth0,2.008504867553711,44389994112,18560,396461765315,8748,440851759427,27308,True,68718428160,interface_name,lo,2.008504867553711,205895944004,78861318,205895944004,78861318,411791888008,157722636,True,0,interface_name,2.008538246154785,vda,0,0,0,0,disk_name,2.008538246154785,vda1,0,0,0,0,disk_name,2.008538246154785,vda2,0,0,0,0,disk_name,/dev/vda2,ext4,/,52708192256,19252129792,31077330944,38.3,mnt_point,165,1,95,467,0,10.24.1.118,255.255.255.0,24,10.24.1.1,106.75.252.73,Linux,ecnu02,64bit,Ubuntu 20.04,5.4.0-48-generic,Ubuntu 20.04 64bit,265703
2024-12-20 15:47:12,27.0,25.6,0.5,73.0,0.0,0.0,0.0,0.9,0.0,0.0,0.0,6220,4275,6063,0,2.008207321166992,8,cpu_number,0,33.5,27.4,0.5,66.5,0.0,0.0,0.0,5.7,0.0,0.0,0.0,cpu_number,1,30.5,28.6,1.5,69.5,0.0,0.0,0.0,0.5,0.0,0.0,0.0,cpu_number,2,77.6,77.1,0.5,22.4,0.0,0.0,0.0,0.0,0.0,0.0,0.0,cpu_number,3,3.5,3.0,0.0,96.5,0.0,0.0,0.0,0.5,0.0,0.0,0.0,cpu_number,4,5.0,5.0,0.0,95.0,0.0,0.0,0.0,0.0,0.0,0.0,0.0,cpu_number,5,2.0,2.0,0.0,98.0,0.0,0.0,0.0,0.0,0.0,0.0,0.0,cpu_number,6,3.5,3.0,0.5,96.5,0.0,0.0,0.0,0.0,0.0,0.0,0.0,cpu_number,7,61.2,59.2,1.5,38.8,0.0,0.0,0.0,0.5,0.0,0.0,0.0,0.95,0.64,0.9,8,16589373440,14027661312,15.4,2561712128,14027661312,13855813632,274313216,53338112,12236836864,1081344,0,0,0,0,0,0,eth0,2.0080692768096924,44389994637,525,396461767689,2374,440851762326,2899,True,68718428160,interface_name,lo,2.0080692768096924,205974647190,78703186,205974647190,78703186,411949294380,157406372,True,0,interface_name,2.0079782009124756,vda,0,2,0,405504,disk_name,2.0079782009124756,vda1,0,0,0,0,disk_name,2.0079782009124756,vda2,0,2,0,405504,disk_name,/dev/vda2,ext4,/,52708192256,19252129792,31077330944,38.3,mnt_point,165,1,95,467,0,10.24.1.118,255.255.255.0,24,10.24.1.1,106.75.252.73,Linux,ecnu02,64bit,Ubuntu 20.04,5.4.0-48-generic,Ubuntu 20.04 64bit,265705
2024-12-20 15:47:14,27.3,25.4,0.6,72.7,0.0,0.0,0.0,1.3,0.1,0.0,0.0,6205,4509,6077,0,2.008110284805298,8,cpu_number,0,10.5,1.8,0.0,89.5,0.0,0.0,0.0,8.7,0.0,0.0,0.0,cpu_number,1,23.4,22.9,0.5,76.6,0.0,0.0,0.0,0.0,0.0,0.0,0.0,cpu_number,2,89.0,88.0,0.5,11.0,0.0,0.0,0.0,0.5,0.0,0.0,0.0,cpu_number,3,7.5,7.0,0.5,92.5,0.0,0.0,0.0,0.0,0.0,0.0,0.0,cpu_number,4,5.0,4.0,1.0,95.0,0.0,0.0,0.0,0.0,0.0,0.0,0.0,cpu_number,5,24.0,23.0,1.0,76.0,0.0,0.0,0.0,0.0,0.0,0.0,0.0,cpu_number,6,22.4,21.4,0.5,77.6,0.0,0.0,0.0,0.5,0.0,0.0,0.0,cpu_number,7,37.5,37.5,0.0,62.5,0.0,0.0,0.0,0.0,0.0,0.0,0.0,0.95,0.64,0.9,8,16589373440,14027022336,15.4,2562351104,14027022336,13855813632,274313216,53338112,12236840960,1081344,0,0,0,0,0,0,eth0,2.008239269256592,44389995462,825,396461774135,6446,440851769597,7271,True,68718428160,interface_name,lo,2.008239269256592,206054815347,80168157,206054815347,80168157,412109630694,160336314,True,0,interface_name,2.0083112716674805,vda,0,0,0,0,disk_name,2.0083112716674805,vda1,0,0,0,0,disk_name,2.0083112716674805,vda2,0,0,0,0,disk_name,/dev/vda2,ext4,/,52708192256,19252133888,31077326848,38.3,mnt_point,165,1,95,467,0,10.24.1.118,255.255.255.0,24,10.24.1.1,106.75.252.73,Linux,ecnu02,64bit,Ubuntu 20.04,5.4.0-48-generic,Ubuntu 20.04 64bit,265707
2024-12-20 15:47:16,28.0,26.0,0.9,72.0,0.0,0.0,0.0,1.1,0.0,0.0,0.0,6403,4932,6120,0,2.0117790699005127,8,cpu_number,0,36.2,29.1,1.4,63.8,0.0,0.0,0.0,5.6,0.0,0.0,0.0,cpu_number,1,6.3,3.9,1.0,93.7,0.0,0.0,0.0,1.5,0.0,0.0,0.0,cpu_number,2,37.3,35.3,1.0,62.7,0.0,0.0,0.0,1.0,0.0,0.0,0.0,cpu_number,3,65.2,62.7,1.5,34.8,0.0,0.0,0.0,0.5,0.5,0.0,0.0,cpu_number,4,4.0,4.0,0.0,96.0,0.0,0.0,0.0,0.0,0.0,0.0,0.0,cpu_number,5,39.6,38.1,1.0,60.4,0.0,0.0,0.0,0.5,0.0,0.0,0.0,cpu_number,6,0.5,0.5,0.0,99.5,0.0,0.0,0.0,0.0,0.0,0.0,0.0,cpu_number,7,35.5,33.5,2.0,64.5,0.0,0.0,0.0,0.0,0.0,0.0,0.0,1.03,0.66,0.9,8,16589373440,14023217152,15.5,2566156288,14023217152,13860880384,276209664,53338112,12238999552,1081344,0,0,0,0,0,0,eth0,2.011648654937744,44390043830,48368,396461791050,16915,440851834880,65283,True,68718428160,interface_name,lo,2.011648654937744,206132406849,77591502,206132406849,77591502,412264813698,155183004,True,0,interface_name,2.0116446018218994,vda,0,0,0,0,disk_name,2.0116446018218994,vda1,0,0,0,0,disk_name,2.0116446018218994,vda2,0,0,0,0,disk_name,/dev/vda2,ext4,/,52708192256,19254026240,31075434496,38.3,mnt_point,165,1,95,467,0,10.24.1.118,255.255.255.0,24,10.24.1.1,106.75.252.73,Linux,ecnu02,64bit,Ubuntu 20.04,5.4.0-48-generic,Ubuntu 20.04 64bit,265709
2024-12-20 15:47:18,27.0,25.4,0.6,73.0,0.0,0.0,0.0,1.0,0.0,0.0,0.0,6370,4452,5915,0,2.0085043907165527,8,cpu_number,0,36.4,35.9,0.5,63.6,0.0,0.0,0.0,0.0,0.0,0.0,0.0,cpu_number,1,10.4,4.3,0.9,89.6,0.0,0.0,0.0,5.2,0.0,0.0,0.0,cpu_number,2,5.0,4.0,0.0,95.0,0.0,0.0,0.0,1.0,0.0,0.0,0.0,cpu_number,3,18.0,18.0,0.0,82.0,0.0,0.0,0.0,0.0,0.0,0.0,0.0,cpu_number,4,55.2,53.7,1.0,44.8,0.0,0.0,0.0,0.5,0.0,0.0,0.0,cpu_number,5,46.8,45.3,1.5,53.2,0.0,0.0,0.0,0.0,0.0,0.0,0.0,cpu_number,6,44.2,42.7,1.0,55.8,0.0,0.0,0.0,0.5,0.0,0.0,0.0,cpu_number,7,0.5,0.5,0.0,99.5,0.0,0.0,0.0,0.0,0.0,0.0,0.0,1.03,0.66,0.9,8,16589373440,14023249920,15.5,2566123520,14023249920,13860036608,276213760,53346304,12238999552,1081344,0,0,0,0,0,0,eth0,2.008708953857422,44390044343,513,396461795142,4092,440851839485,4605,True,68718428160,interface_name,lo,2.008708953857422,206210586508,78179659,206210586508,78179659,412421173016,156359318,True,0,interface_name,2.008735418319702,vda,0,2,0,397312,disk_name,2.008735418319702,vda1,0,0,0,0,disk_name,2.008735418319702,vda2,0,2,0,397312,disk_name,/dev/vda2,ext4,/,52708192256,19254026240,31075434496,38.3,mnt_point,165,1,95,467,0,10.24.1.118,255.255.255.0,24,10.24.1.1,106.75.252.73,Linux,ecnu02,64bit,Ubuntu 20.04,5.4.0-48-generic,Ubuntu 20.04 64bit,265711
2024-12-20 15:47:20,26.7,25.5,0.4,73.3,0.0,0.0,0.0,0.7,0.0,0.0,0.0,5611,4226,5973,0,2.0101358890533447,8,cpu_number,0,53.6,49.8,1.0,46.4,0.0,0.0,0.0,2.9,0.0,0.0,0.0,cpu_number,1,41.1,37.7,1.0,58.9,0.0,0.0,0.0,2.4,0.0,0.0,0.0,cpu_number,2,39.1,38.1,0.5,60.9,0.0,0.0,0.0,0.5,0.0,0.0,0.0,cpu_number,3,24.8,23.8,0.5,75.2,0.0,0.0,0.0,0.5,0.0,0.0,0.0,cpu_number,4,32.8,32.8,0.0,67.2,0.0,0.0,0.0,0.0,0.0,0.0,0.0,cpu_number,5,10.5,10.0,0.5,89.5,0.0,0.0,0.0,0.0,0.0,0.0,0.0,cpu_number,6,11.9,10.9,0.5,88.1,0.0,0.0,0.0,0.5,0.0,0.0,0.0,cpu_number,7,0.0,0.0,0.0,100.0,0.0,0.0,0.0,0.0,0.0,0.0,0.0,1.11,0.68,0.91,8,16589373440,14022238208,15.5,2567135232,14022238208,13860089856,276217856,53346304,12239007744,1081344,0,0,0,0,0,0,eth0,2.0094313621520996,44390044736,393,396461797974,2832,440851842710,3225,True,68718428160,interface_name,lo,2.0094313621520996,206286597163,76010655,206286597163,76010655,412573194326,152021310,True,0,interface_name,2.009291410446167,vda,0,8,0,1867776,disk_name,2.009291410446167,vda1,0,0,0,0,disk_name,2.009291410446167,vda2,0,8,0,1867776,disk_name,/dev/vda2,ext4,/,52708192256,19254030336,31075430400,38.3,mnt_point,165,1,95,466,0,10.24.1.118,255.255.255.0,24,10.24.1.1,106.75.252.73,Linux,ecnu02,64bit,Ubuntu 20.04,5.4.0-48-generic,Ubuntu 20.04 64bit,265713
2024-12-20 15:47:22,26.6,25.5,0.4,73.4,0.0,0.0,0.0,0.7,0.0,0.0,0.0,5740,4439,5709,0,2.0085015296936035,8,cpu_number,0,96.0,94.5,1.0,4.0,0.0,0.0,0.0,0.5,0.0,0.0,0.0,cpu_number,1,3.0,1.5,0.5,97.0,0.0,0.0,0.0,1.0,0.0,0.0,0.0,cpu_number,2,96.5,95.5,0.5,3.5,0.0,0.0,0.0,0.5,0.0,0.0,0.0,cpu_number,3,4.0,3.0,0.5,96.0,0.0,0.0,0.0,0.5,0.0,0.0,0.0,cpu_number,4,4.8,1.4,0.5,95.2,0.0,0.0,0.0,2.9,0.0,0.0,0.0,cpu_number,5,3.0,3.0,0.0,97.0,0.0,0.0,0.0,0.0,0.0,0.0,0.0,cpu_number,6,4.5,4.5,0.0,95.5,0.0,0.0,0.0,0.0,0.0,0.0,0.0,cpu_number,7,0.0,0.0,0.0,100.0,0.0,0.0,0.0,0.0,0.0,0.0,0.0,1.11,0.68,0.91,8,16589373440,14021283840,15.5,2568089600,14021283840,13861896192,277188608,53346304,12240080896,1081344,0,0,0,0,0,0,eth0,2.0092227458953857,44390066543,21807,396461807461,9487,440851874004,31294,True,68718428160,interface_name,lo,2.0092227458953857,206366273592,79676429,206366273592,79676429,412732547184,159352858,True,0,interface_name,2.0093398094177246,vda,0,0,0,0,disk_name,2.0093398094177246,vda1,0,0,0,0,disk_name,2.0093398094177246,vda2,0,0,0,0,disk_name,/dev/vda2,ext4,/,52708192256,19255005184,31074455552,38.3,mnt_point,165,1,95,466,0,10.24.1.118,255.255.255.0,24,10.24.1.1,106.75.252.73,Linux,ecnu02,64bit,Ubuntu 20.04,5.4.0-48-generic,Ubuntu 20.04 64bit,265715
2024-12-20 15:47:24,26.9,25.0,0.9,73.1,0.0,0.0,0.0,1.0,0.0,0.0,0.0,6047,4782,6158,0,2.011307954788208,8,cpu_number,0,64.9,62.9,1.5,35.1,0.0,0.0,0.0,0.5,0.0,0.0,0.0,cpu_number,1,3.9,1.5,0.5,96.1,0.0,0.0,0.0,2.0,0.0,0.0,0.0,cpu_number,2,68.7,66.7,1.5,31.3,0.0,0.0,0.0,0.5,0.0,0.0,0.0,cpu_number,3,31.1,27.7,0.0,68.9,0.0,0.0,0.0,3.4,0.0,0.0,0.0,cpu_number,4,2.5,1.0,0.5,97.5,0.0,0.0,0.0,1.0,0.0,0.0,0.0,cpu_number,5,7.5,6.0,1.5,92.5,0.0,0.0,0.0,0.0,0.0,0.0,0.0,cpu_number,6,3.5,3.0,0.5,96.5,0.0,0.0,0.0,0.0,0.0,0.0,0.0,cpu_number,7,33.0,31.5,1.0,67.0,0.0,0.0,0.0,0.5,0.0,0.0,0.0,1.11,0.68,0.91,8,16589373440,14019756032,15.5,2569617408,14019756032,13864419328,278134784,53354496,12241104896,1081344,0,0,0,0,0,0,eth0,2.0113019943237305,44390087997,21454,396461820371,12910,440851908368,34364,True,68718428160,interface_name,lo,2.0113019943237305,206447230999,80957407,206447230999,80957407,412894461998,161914814,True,0,interface_name,2.011312484741211,vda,0,2,0,413696,disk_name,2.011312484741211,vda1,0,0,0,0,disk_name,2.011312484741211,vda2,0,2,0,413696,disk_name,/dev/vda2,ext4,/,52708192256,19255951360,31073509376,38.3,mnt_point,165,1,95,466,0,10.24.1.118,255.255.255.0,24,10.24.1.1,106.75.252.73,Linux,ecnu02,64bit,Ubuntu 20.04,5.4.0-48-generic,Ubuntu 20.04 64bit,265717
2024-12-20 15:47:26,26.8,25.6,0.6,73.2,0.0,0.0,0.0,0.6,0.0,0.0,0.0,5254,4320,5693,0,2.010065793991089,8,cpu_number,0,18.5,16.1,0.5,81.5,0.0,0.0,0.0,2.0,0.0,0.0,0.0,cpu_number,1,3.9,2.0,0.0,96.1,0.0,0.0,0.0,2.0,0.0,0.0,0.0,cpu_number,2,59.7,59.2,0.5,40.3,0.0,0.0,0.0,0.0,0.0,0.0,0.0,cpu_number,3,42.6,41.6,1.0,57.4,0.0,0.0,0.0,0.0,0.0,0.0,0.0,cpu_number,4,10.0,9.5,0.5,90.0,0.0,0.0,0.0,0.0,0.0,0.0,0.0,cpu_number,5,38.8,37.8,1.0,61.2,0.0,0.0,0.0,0.0,0.0,0.0,0.0,cpu_number,6,0.5,0.0,0.5,99.5,0.0,0.0,0.0,0.0,0.0,0.0,0.0,cpu_number,7,40.1,39.1,0.5,59.9,0.0,0.0,0.0,0.5,0.0,0.0,0.0,1.18,0.7,0.92,8,16589373440,14019903488,15.5,2569469952,14019903488,13864464384,278147072,53354496,12241117184,1081344,0,0,0,0,0,0,eth0,2.008664608001709,44390088586,589,396461822937,2566,440851911523,3155,True,68718428160,interface_name,lo,2.008664608001709,206527212299,79981300,206527212299,79981300,413054424598,159962600,True,0,interface_name,2.008465051651001,vda,0,0,0,0,disk_name,2.008465051651001,vda1,0,0,0,0,disk_name,2.008465051651001,vda2,0,0,0,0,disk_name,/dev/vda2,ext4,/,52708192256,19255955456,31073505280,38.3,mnt_point,165,1,95,466,0,10.24.1.118,255.255.255.0,24,10.24.1.1,106.75.252.73,Linux,ecnu02,64bit,Ubuntu 20.04,5.4.0-48-generic,Ubuntu 20.04 64bit,265719
2024-12-20 15:47:28,27.6,25.4,0.7,72.4,0.0,0.0,0.0,1.5,0.0,0.0,0.0,5576,4280,5882,0,2.007383108139038,8,cpu_number,0,58.7,50.7,1.4,41.3,0.0,0.0,0.0,6.6,0.0,0.0,0.0,cpu_number,1,6.3,2.9,1.0,93.7,0.0,0.0,0.0,2.4,0.0,0.0,0.0,cpu_number,2,75.6,73.6,1.5,24.4,0.0,0.0,0.0,0.5,0.0,0.0,0.0,cpu_number,3,27.3,25.4,0.5,72.7,0.0,0.0,0.0,1.5,0.0,0.0,0.0,cpu_number,4,24.6,24.1,0.5,75.4,0.0,0.0,0.0,0.0,0.0,0.0,0.0,cpu_number,5,1.0,1.0,0.0,99.0,0.0,0.0,0.0,0.0,0.0,0.0,0.0,cpu_number,6,9.5,8.0,1.5,90.5,0.0,0.0,0.0,0.0,0.0,0.0,0.0,cpu_number,7,16.9,16.4,0.5,83.1,0.0,0.0,0.0,0.0,0.0,0.0,0.0,1.18,0.7,0.92,8,16589373440,14018674688,15.5,2570698752,14018674688,13864558592,278147072,53354496,12241117184,1081344,0,0,0,0,0,0,eth0,2.008741855621338,44390089441,855,396461826764,3827,440851916205,4682,True,68718428160,interface_name,lo,2.008741855621338,206604494068,77281769,206604494068,77281769,413208988136,154563538,True,0,interface_name,2.00893235206604,vda,0,0,0,0,disk_name,2.00893235206604,vda1,0,0,0,0,disk_name,2.00893235206604,vda2,0,0,0,0,disk_name,/dev/vda2,ext4,/,52708192256,19255955456,31073505280,38.3,mnt_point,165,1,95,466,0,10.24.1.118,255.255.255.0,24,10.24.1.1,106.75.252.73,Linux,ecnu02,64bit,Ubuntu 20.04,5.4.0-48-generic,Ubuntu 20.04 64bit,265721
2024-12-20 15:47:30,27.4,25.9,0.7,72.5,0.0,0.1,0.0,0.7,0.1,0.0,0.0,6661,6251,5864,0,2.008960723876953,8,cpu_number,0,63.4,60.5,0.5,36.6,0.0,0.0,0.0,2.4,0.0,0.0,0.0,cpu_number,1,6.5,5.5,0.5,93.5,0.0,0.0,0.0,0.5,0.0,0.0,0.0,cpu_number,2,6.8,2.9,1.5,93.2,0.0,0.0,0.0,2.4,0.0,0.0,0.0,cpu_number,3,63.3,61.8,0.5,36.7,0.0,0.0,0.0,1.0,0.0,0.0,0.0,cpu_number,4,35.7,34.7,1.0,64.3,0.0,0.0,0.0,0.0,0.0,0.0,0.0,cpu_number,5,4.5,3.5,1.0,95.5,0.0,0.0,0.0,0.0,0.0,0.0,0.0,cpu_number,6,5.0,4.5,0.5,95.0,0.0,0.0,0.0,0.0,0.0,0.0,0.0,cpu_number,7,34.0,34.0,0.0,66.0,0.0,0.0,0.0,0.0,0.0,0.0,0.0,1.25,0.72,0.92,8,16589373440,13998776320,15.6,2590597120,13998776320,13885632512,280023040,53362688,12243148800,1081344,0,0,0,0,0,0,eth0,2.0090057849884033,44390130149,40708,396461844496,17732,440851974645,58440,True,68718428160,interface_name,lo,2.0090057849884033,206681401561,76907493,206681401561,76907493,413362803122,153814986,True,0,interface_name,2.0090346336364746,vda,0,10,0,2215936,disk_name,2.0090346336364746,vda1,0,0,0,0,disk_name,2.0090346336364746,vda2,0,10,0,2215936,disk_name,/dev/vda2,ext4,/,52708192256,19257839616,31071621120,38.3,mnt_point,165,1,95,466,0,10.24.1.118,255.255.255.0,24,10.24.1.1,106.75.252.73,Linux,ecnu02,64bit,Ubuntu 20.04,5.4.0-48-generic,Ubuntu 20.04 64bit,265723
2024-12-20 15:47:32,26.5,25.6,0.4,73.5,0.0,0.0,0.0,0.6,0.0,0.0,0.0,6542,4541,6107,0,2.030557155609131,8,cpu_number,0,3.9,2.9,0.0,96.1,0.0,0.0,0.0,1.0,0.0,0.0,0.0,cpu_number,1,38.3,35.4,0.5,61.7,0.0,0.0,0.0,2.4,0.0,0.0,0.0,cpu_number,2,3.5,3.0,0.5,96.5,0.0,0.0,0.0,0.0,0.0,0.0,0.0,cpu_number,3,10.3,10.3,0.0,89.7,0.0,0.0,0.0,0.0,0.0,0.0,0.0,cpu_number,4,57.1,56.2,0.5,42.9,0.0,0.0,0.0,0.5,0.0,0.0,0.0,cpu_number,5,14.9,14.9,0.0,85.1,0.0,0.0,0.0,0.0,0.0,0.0,0.0,cpu_number,6,15.8,15.8,0.0,84.2,0.0,0.0,0.0,0.0,0.0,0.0,0.0,cpu_number,7,67.8,66.3,1.0,32.2,0.0,0.0,0.0,0.5,0.0,0.0,0.0,1.25,0.72,0.92,8,16589373440,13998510080,15.6,2590863360,13998510080,13885796352,280035328,53362688,12243152896,1081344,0,0,0,0,0,0,eth0,2.0278475284576416,44390130798,649,396461848308,3812,440851979106,4461,True,68718428160,interface_name,lo,2.0278475284576416,206761511727,80110166,206761511727,80110166,413523023454,160220332,True,0,interface_name,2.0278124809265137,vda,0,0,0,0,disk_name,2.0278124809265137,vda1,0,0,0,0,disk_name,2.0278124809265137,vda2,0,0,0,0,disk_name,/dev/vda2,ext4,/,52708192256,19257843712,31071617024,38.3,mnt_point,166,1,96,467,0,10.24.1.118,255.255.255.0,24,10.24.1.1,106.75.252.73,Linux,ecnu02,64bit,Ubuntu 20.04,5.4.0-48-generic,Ubuntu 20.04 64bit,265725
2024-12-20 15:47:34,26.9,25.9,0.4,73.1,0.0,0.0,0.0,0.7,0.0,0.0,0.0,5911,4524,5912,0,2.0067718029022217,8,cpu_number,0,5.9,4.5,0.5,94.1,0.0,0.0,0.0,1.0,0.0,0.0,0.0,cpu_number,1,35.6,34.2,0.0,64.4,0.0,0.0,0.0,1.5,0.0,0.0,0.0,cpu_number,2,63.2,62.2,0.5,36.8,0.0,0.0,0.0,0.5,0.0,0.0,0.0,cpu_number,3,7.3,4.4,0.5,92.7,0.0,0.0,0.0,2.4,0.0,0.0,0.0,cpu_number,4,16.5,16.0,0.0,83.5,0.0,0.0,0.0,0.5,0.0,0.0,0.0,cpu_number,5,1.0,1.0,0.0,99.0,0.0,0.0,0.0,0.0,0.0,0.0,0.0,cpu_number,6,31.8,31.3,0.5,68.2,0.0,0.0,0.0,0.0,0.0,0.0,0.0,cpu_number,7,54.0,53.5,0.5,46.0,0.0,0.0,0.0,0.0,0.0,0.0,0.0,1.25,0.72,0.92,8,16589373440,13997748224,15.6,2591625216,13997748224,13885788160,280035328,53362688,12243152896,1081344,0,0,0,0,0,0,eth0,2.009263277053833,44390131747,949,396461854393,6085,440851986140,7034,True,68718428160,interface_name,lo,2.009263277053833,206840024013,78512286,206840024013,78512286,413680048026,157024572,True,0,interface_name,2.009243965148926,vda,0,14,0,1941504,disk_name,2.009243965148926,vda1,0,0,0,0,disk_name,2.009243965148926,vda2,0,14,0,1941504,disk_name,/dev/vda2,ext4,/,52708192256,19257843712,31071617024,38.3,mnt_point,166,1,96,466,0,10.24.1.118,255.255.255.0,24,10.24.1.1,106.75.252.73,Linux,ecnu02,64bit,Ubuntu 20.04,5.4.0-48-generic,Ubuntu 20.04 64bit,265727
2024-12-20 15:47:36,27.6,26.2,0.6,72.4,0.0,0.0,0.0,0.8,0.0,0.0,0.0,5804,4792,5873,0,2.008927345275879,8,cpu_number,0,7.1,1.9,0.0,92.9,0.0,0.0,0.0,5.2,0.0,0.0,0.0,cpu_number,1,22.8,21.3,1.0,77.2,0.0,0.0,0.0,0.5,0.0,0.0,0.0,cpu_number,2,78.9,77.4,1.0,21.1,0.0,0.0,0.0,0.5,0.0,0.0,0.0,cpu_number,3,2.5,1.5,1.0,97.5,0.0,0.0,0.0,0.0,0.0,0.0,0.0,cpu_number,4,23.8,23.3,0.5,76.2,0.0,0.0,0.0,0.0,0.0,0.0,0.0,cpu_number,5,9.4,8.9,0.5,90.6,0.0,0.0,0.0,0.0,0.0,0.0,0.0,cpu_number,6,37.9,36.9,1.0,62.1,0.0,0.0,0.0,0.0,0.0,0.0,0.0,cpu_number,7,40.8,39.8,0.5,59.2,0.0,0.0,0.0,0.5,0.0,0.0,0.0,1.31,0.75,0.93,8,16589373440,13990760448,15.7,2598612992,13990760448,13893373952,281796608,53370880,12245082112,1081344,0,0,0,0,0,0,eth0,2.0091915130615234,44390151587,19840,396461868050,13657,440852019637,33497,True,68718428160,interface_name,lo,2.0091915130615234,206916393288,76369275,206916393288,76369275,413832786576,152738550,True,0,interface_name,2.009178876876831,vda,0,2,0,413696,disk_name,2.009178876876831,vda1,0,0,0,0,disk_name,2.009178876876831,vda2,0,2,0,413696,disk_name,/dev/vda2,ext4,/,52708192256,19259621376,31069839360,38.3,mnt_point,165,1,95,463,0,10.24.1.118,255.255.255.0,24,10.24.1.1,106.75.252.73,Linux,ecnu02,64bit,Ubuntu 20.04,5.4.0-48-generic,Ubuntu 20.04 64bit,265729
2024-12-20 15:47:38,20.6,19.1,0.5,79.4,0.0,0.0,0.0,0.9,0.0,0.0,0.0,5280,3589,3384,0,2.008824348449707,8,cpu_number,0,25.0,18.4,0.9,75.0,0.0,0.0,0.0,5.7,0.0,0.0,0.0,cpu_number,1,33.0,32.5,0.5,67.0,0.0,0.0,0.0,0.0,0.0,0.0,0.0,cpu_number,2,9.5,9.0,0.5,90.5,0.0,0.0,0.0,0.0,0.0,0.0,0.0,cpu_number,3,16.5,16.5,0.0,83.5,0.0,0.0,0.0,0.0,0.0,0.0,0.0,cpu_number,4,10.4,10.4,0.0,89.6,0.0,0.0,0.0,0.0,0.0,0.0,0.0,cpu_number,5,5.5,5.0,0.5,94.5,0.0,0.0,0.0,0.0,0.0,0.0,0.0,cpu_number,6,40.3,38.8,1.0,59.7,0.0,0.0,0.0,0.5,0.0,0.0,0.0,cpu_number,7,22.9,22.4,0.5,77.1,0.0,0.0,0.0,0.0,0.0,0.0,0.0,1.31,0.75,0.93,8,16589373440,13984542720,15.7,2604830720,13984542720,13900488704,283025408,53370880,12246519808,1081344,0,0,0,0,0,0,eth0,2.008754014968872,44390199486,47899,396461881205,13155,440852080691,61054,True,68718428160,interface_name,lo,2.008754014968872,206936604314,20211026,206936604314,20211026,413873208628,40422052,True,0,interface_name,2.008744716644287,vda,0,1,0,950272,disk_name,2.008744716644287,vda1,0,0,0,0,disk_name,2.008744716644287,vda2,0,1,0,950272,disk_name,/dev/vda2,ext4,/,52708192256,19260985344,31068475392,38.3,mnt_point,165,1,95,463,0,10.24.1.118,255.255.255.0,24,10.24.1.1,106.75.252.73,Linux,ecnu02,64bit,Ubuntu 20.04,5.4.0-48-generic,Ubuntu 20.04 64bit,265731
2024-12-20 15:47:40,29.6,28.3,1.0,70.4,0.0,0.0,0.0,0.4,0.0,0.0,0.0,8405,7200,5416,0,2.008814811706543,8,cpu_number,0,28.8,25.9,1.5,71.2,0.0,0.0,0.0,1.5,0.0,0.0,0.0,cpu_number,1,15.2,13.7,0.5,84.8,0.0,0.0,0.0,1.0,0.0,0.0,0.0,cpu_number,2,44.2,42.7,1.5,55.8,0.0,0.0,0.0,0.0,0.0,0.0,0.0,cpu_number,3,12.1,11.1,1.0,87.9,0.0,0.0,0.0,0.0,0.0,0.0,0.0,cpu_number,4,48.0,48.0,0.0,52.0,0.0,0.0,0.0,0.0,0.0,0.0,0.0,cpu_number,5,16.1,15.1,1.0,83.9,0.0,0.0,0.0,0.0,0.0,0.0,0.0,cpu_number,6,49.3,46.8,2.0,50.7,0.0,0.0,0.0,0.5,0.0,0.0,0.0,cpu_number,7,23.4,22.9,0.5,76.6,0.0,0.0,0.0,0.0,0.0,0.0,0.0,1.2,0.73,0.92,8,16589373440,13963550720,15.8,2625822720,13963550720,13934694400,274599936,53370880,12253392896,1081344,0,0,0,0,0,0,eth0,2.0083861351013184,44390480852,281366,396466625231,4744026,440857106083,5025392,True,68718428160,interface_name,lo,2.0083861351013184,206962193782,25589468,206962193782,25589468,413924387564,51178936,True,0,interface_name,2.008352041244507,vda,0,15,0,2387968,disk_name,2.008352041244507,vda1,0,0,0,0,disk_name,2.008352041244507,vda2,0,15,0,2387968,disk_name,/dev/vda2,ext4,/,52708192256,19267702784,31061757952,38.3,mnt_point,165,1,95,465,0,10.24.1.118,255.255.255.0,24,10.24.1.1,106.75.252.73,Linux,ecnu02,64bit,Ubuntu 20.04,5.4.0-48-generic,Ubuntu 20.04 64bit,265733
2024-12-20 15:47:42,27.1,25.2,0.6,72.9,0.0,0.0,0.0,1.2,0.0,0.0,0.0,5977,4391,5840,0,2.009495258331299,8,cpu_number,0,45.1,41.7,1.5,54.9,0.0,0.0,0.0,2.0,0.0,0.0,0.0,cpu_number,1,14.9,7.4,0.5,85.1,0.0,0.0,0.0,7.0,0.0,0.0,0.0,cpu_number,2,3.5,3.5,0.0,96.5,0.0,0.0,0.0,0.0,0.0,0.0,0.0,cpu_number,3,37.8,36.8,0.5,62.2,0.0,0.0,0.0,0.5,0.0,0.0,0.0,cpu_number,4,14.6,14.1,0.5,85.4,0.0,0.0,0.0,0.0,0.0,0.0,0.0,cpu_number,5,5.5,5.0,0.5,94.5,0.0,0.0,0.0,0.0,0.0,0.0,0.0,cpu_number,6,48.8,47.3,1.0,51.2,0.0,0.0,0.0,0.5,0.0,0.0,0.0,cpu_number,7,48.0,47.5,0.5,52.0,0.0,0.0,0.0,0.0,0.0,0.0,0.0,1.2,0.73,0.92,8,16589373440,13963993088,15.8,2625380352,13963993088,13934239744,274599936,53370880,12253392896,1081344,0,0,0,0,0,0,eth0,2.009821891784668,44390481328,476,396466629207,3976,440857110535,4452,True,68718428160,interface_name,lo,2.009821891784668,207039673504,77479722,207039673504,77479722,414079347008,154959444,True,0,interface_name,2.0099074840545654,vda,0,0,0,0,disk_name,2.0099074840545654,vda1,0,0,0,0,disk_name,2.0099074840545654,vda2,0,0,0,0,disk_name,/dev/vda2,ext4,/,52708192256,19267702784,31061757952,38.3,mnt_point,165,1,95,465,0,10.24.1.118,255.255.255.0,24,10.24.1.1,106.75.252.73,Linux,ecnu02,64bit,Ubuntu 20.04,5.4.0-48-generic,Ubuntu 20.04 64bit,265735
2024-12-20 15:47:44,26.7,25.4,0.5,73.3,0.0,0.0,0.0,0.8,0.0,0.0,0.0,6555,4579,6119,0,2.0089964866638184,8,cpu_number,0,8.6,3.8,0.5,91.4,0.0,0.0,0.0,4.3,0.0,0.0,0.0,cpu_number,1,10.3,9.4,0.5,89.7,0.0,0.0,0.0,0.5,0.0,0.0,0.0,cpu_number,2,78.6,78.1,0.0,21.4,0.0,0.0,0.0,0.5,0.0,0.0,0.0,cpu_number,3,3.5,3.0,0.5,96.5,0.0,0.0,0.0,0.0,0.0,0.0,0.0,cpu_number,4,43.8,42.4,1.0,56.2,0.0,0.0,0.0,0.5,0.0,0.0,0.0,cpu_number,5,12.0,12.0,0.0,88.0,0.0,0.0,0.0,0.0,0.0,0.0,0.0,cpu_number,6,4.5,4.0,0.5,95.5,0.0,0.0,0.0,0.0,0.0,0.0,0.0,cpu_number,7,54.0,52.5,0.5,46.0,0.0,0.0,0.0,1.0,0.0,0.0,0.0,1.2,0.73,0.92,8,16589373440,13962645504,15.8,2626727936,13962645504,13934198784,274604032,53370880,12253392896,1081344,0,0,0,0,0,0,eth0,2.009084701538086,44390482279,951,396466637551,8344,440857119830,9295,True,68718428160,interface_name,lo,2.009084701538086,207118116650,78443146,207118116650,78443146,414236233300,156886292,True,0,interface_name,2.0090041160583496,vda,0,26,0,450560,disk_name,2.0090041160583496,vda1,0,0,0,0,disk_name,2.0090041160583496,vda2,0,26,0,450560,disk_name,/dev/vda2,ext4,/,52708192256,19267702784,31061757952,38.3,mnt_point,165,1,95,464,0,10.24.1.118,255.255.255.0,24,10.24.1.1,106.75.252.73,Linux,ecnu02,64bit,Ubuntu 20.04,5.4.0-48-generic,Ubuntu 20.04 64bit,265737
2024-12-20 15:47:46,26.6,25.2,0.5,73.4,0.0,0.0,0.0,0.9,0.0,0.0,0.0,5974,3828,5467,0,2.0085761547088623,8,cpu_number,0,38.6,34.8,0.5,61.4,0.0,0.0,0.0,3.4,0.0,0.0,0.0,cpu_number,1,4.5,3.5,0.0,95.5,0.0,0.0,0.0,1.0,0.0,0.0,0.0,cpu_number,2,1.5,0.0,0.5,98.5,0.0,0.0,0.0,1.0,0.0,0.0,0.0,cpu_number,3,0.0,0.0,0.0,100.0,0.0,0.0,0.0,0.0,0.0,0.0,0.0,cpu_number,4,57.1,56.6,0.5,42.9,0.0,0.0,0.0,0.0,0.0,0.0,0.0,cpu_number,5,34.5,34.0,0.0,65.5,0.0,0.0,0.0,0.5,0.0,0.0,0.0,cpu_number,6,4.0,3.5,0.5,96.0,0.0,0.0,0.0,0.0,0.0,0.0,0.0,cpu_number,7,69.5,68.0,1.0,30.5,0.0,0.0,0.0,0.5,0.0,0.0,0.0,1.27,0.76,0.93,8,16589373440,13961453568,15.8,2627919872,13961453568,13934198784,274604032,53379072,12253396992,1081344,0,0,0,0,0,0,eth0,2.008268356323242,44390482672,393,396466639707,2156,440857122379,2549,True,68718428160,interface_name,lo,2.008268356323242,207197771727,79655077,207197771727,79655077,414395543454,159310154,True,0,interface_name,2.008328437805176,vda,0,2,0,57344,disk_name,2.008328437805176,vda1,0,0,0,0,disk_name,2.008328437805176,vda2,0,2,0,57344,disk_name,/dev/vda2,ext4,/,52708192256,19267706880,31061753856,38.3,mnt_point,165,1,95,464,0,10.24.1.118,255.255.255.0,24,10.24.1.1,106.75.252.73,Linux,ecnu02,64bit,Ubuntu 20.04,5.4.0-48-generic,Ubuntu 20.04 64bit,265739
2024-12-20 15:47:49,27.3,25.8,0.6,72.7,0.0,0.0,0.0,0.9,0.0,0.0,0.0,6138,5045,6022,0,2.0095722675323486,8,cpu_number,0,67.5,65.5,1.5,32.5,0.0,0.0,0.0,0.5,0.0,0.0,0.0,cpu_number,1,3.9,2.0,1.0,96.1,0.0,0.0,0.0,1.0,0.0,0.0,0.0,cpu_number,2,23.6,17.5,1.4,76.4,0.0,0.0,0.0,4.7,0.0,0.0,0.0,cpu_number,3,73.0,72.0,1.0,27.0,0.0,0.0,0.0,0.0,0.0,0.0,0.0,cpu_number,4,17.2,16.3,0.5,82.8,0.0,0.0,0.0,0.5,0.0,0.0,0.0,cpu_number,5,27.7,26.7,0.5,72.3,0.0,0.0,0.0,0.5,0.0,0.0,0.0,cpu_number,6,4.0,4.0,0.0,96.0,0.0,0.0,0.0,0.0,0.0,0.0,0.0,cpu_number,7,3.5,3.0,0.5,96.5,0.0,0.0,0.0,0.0,0.0,0.0,0.0,1.27,0.76,0.93,8,16589373440,13960286208,15.8,2629087232,13960286208,13934735360,276463616,53379072,12255416320,1081344,0,0,0,0,0,0,eth0,2.0098350048065186,44390519620,36948,396466655015,15308,440857174635,52256,True,68718428160,interface_name,lo,2.0098350048065186,207279082700,81310973,207279082700,81310973,414558165400,162621946,True,0,interface_name,2.0098419189453125,vda,0,0,0,0,disk_name,2.0098419189453125,vda1,0,0,0,0,disk_name,2.0098419189453125,vda2,0,0,0,0,disk_name,/dev/vda2,ext4,/,52708192256,19269574656,31059886080,38.3,mnt_point,165,1,95,464,0,10.24.1.118,255.255.255.0,24,10.24.1.1,106.75.252.73,Linux,ecnu02,64bit,Ubuntu 20.04,5.4.0-48-generic,Ubuntu 20.04 64bit,265741
2024-12-20 15:47:51,26.8,25.6,0.6,73.2,0.0,0.0,0.0,0.5,0.1,0.0,0.0,6557,4326,5770,0,2.00936222076416,8,cpu_number,0,17.9,16.4,1.0,82.1,0.0,0.0,0.0,0.5,0.0,0.0,0.0,cpu_number,1,19.2,18.2,0.0,80.8,0.0,0.0,0.0,1.0,0.0,0.0,0.0,cpu_number,2,1.5,0.5,0.0,98.5,0.0,0.0,0.0,1.0,0.0,0.0,0.0,cpu_number,3,54.5,52.5,1.0,45.5,0.0,0.0,0.0,1.0,0.0,0.0,0.0,cpu_number,4,53.0,52.5,0.5,47.0,0.0,0.0,0.0,0.0,0.0,0.0,0.0,cpu_number,5,4.0,3.5,0.5,96.0,0.0,0.0,0.0,0.0,0.0,0.0,0.0,cpu_number,6,60.5,59.5,1.0,39.5,0.0,0.0,0.0,0.0,0.0,0.0,0.0,cpu_number,7,3.0,2.5,0.5,97.0,0.0,0.0,0.0,0.0,0.0,0.0,0.0,1.33,0.78,0.93,8,16589373440,13960740864,15.8,2628632576,13960740864,13934772224,276471808,53387264,12255416320,1081344,0,0,0,0,0,0,eth0,2.0092356204986572,44390520013,393,396466657305,2290,440857177318,2683,True,68718428160,interface_name,lo,2.0092356204986572,207357332042,78249342,207357332042,78249342,414714664084,156498684,True,0,interface_name,2.009230852127075,vda,0,10,0,2347008,disk_name,2.009230852127075,vda1,0,0,0,0,disk_name,2.009230852127075,vda2,0,10,0,2347008,disk_name,/dev/vda2,ext4,/,52708192256,19269574656,31059886080,38.3,mnt_point,165,1,95,464,0,10.24.1.118,255.255.255.0,24,10.24.1.1,106.75.252.73,Linux,ecnu02,64bit,Ubuntu 20.04,5.4.0-48-generic,Ubuntu 20.04 64bit,265743
2024-12-20 15:47:53,26.0,25.0,0.7,73.9,0.0,0.0,0.0,0.4,0.0,0.0,0.0,5277,3946,5486,0,2.008665084838867,8,cpu_number,0,85.6,82.7,1.5,14.4,0.0,0.0,0.0,1.5,0.0,0.0,0.0,cpu_number,1,4.0,2.0,1.0,96.0,0.0,0.0,0.0,1.0,0.0,0.0,0.0,cpu_number,2,3.0,2.0,1.0,97.0,0.0,0.0,0.0,0.0,0.0,0.0,0.0,cpu_number,3,13.5,13.5,0.0,86.5,0.0,0.0,0.0,0.0,0.0,0.0,0.0,cpu_number,4,0.0,0.0,0.0,100.0,0.0,0.0,0.0,0.0,0.0,0.0,0.0,cpu_number,5,4.0,3.0,1.0,96.0,0.0,0.0,0.0,0.0,0.0,0.0,0.0,cpu_number,6,96.5,94.0,1.5,3.5,0.0,0.0,0.0,1.0,0.0,0.0,0.0,cpu_number,7,2.0,2.0,0.0,98.0,0.0,0.0,0.0,0.0,0.0,0.0,0.0,1.33,0.78,0.93,8,16589373440,13960925184,15.8,2628448256,13960925184,13934776320,276471808,53387264,12255420416,1081344,0,0,0,0,0,0,eth0,2.0085108280181885,44390520534,521,396466659655,2350,440857180189,2871,True,68718428160,interface_name,lo,2.0085108280181885,207437441612,80109570,207437441612,80109570,414874883224,160219140,True,0,interface_name,2.0084774494171143,vda,0,0,0,0,disk_name,2.0084774494171143,vda1,0,0,0,0,disk_name,2.0084774494171143,vda2,0,0,0,0,disk_name,/dev/vda2,ext4,/,52708192256,19269578752,31059881984,38.3,mnt_point,165,1,95,464,0,10.24.1.118,255.255.255.0,24,10.24.1.1,106.75.252.73,Linux,ecnu02,64bit,Ubuntu 20.04,5.4.0-48-generic,Ubuntu 20.04 64bit,265745
2024-12-20 15:47:55,27.2,25.7,0.7,72.8,0.0,0.0,0.0,0.7,0.0,0.0,0.0,6014,4651,5396,0,2.008451461791992,8,cpu_number,0,35.9,30.6,1.0,64.1,0.0,0.0,0.0,4.3,0.0,0.0,0.0,cpu_number,1,62.6,61.6,0.0,37.4,0.0,0.0,0.0,1.0,0.0,0.0,0.0,cpu_number,2,22.1,21.1,1.0,77.9,0.0,0.0,0.0,0.0,0.0,0.0,0.0,cpu_number,3,2.0,1.0,0.5,98.0,0.0,0.0,0.0,0.5,0.0,0.0,0.0,cpu_number,4,4.0,4.0,0.0,96.0,0.0,0.0,0.0,0.0,0.0,0.0,0.0,cpu_number,5,25.5,25.0,0.5,74.5,0.0,0.0,0.0,0.0,0.0,0.0,0.0,cpu_number,6,53.5,52.5,1.0,46.5,0.0,0.0,0.0,0.0,0.0,0.0,0.0,cpu_number,7,10.8,9.9,1.0,89.2,0.0,0.0,0.0,0.0,0.0,0.0,0.0,1.33,0.78,0.93,8,16589373440,13961625600,15.8,2627747840,13961625600,13935448064,278286336,53387264,12257337344,1081344,0,0,0,0,0,0,eth0,2.008761167526245,44390557772,37238,396466678257,18602,440857236029,55840,True,68718428160,interface_name,lo,2.008761167526245,207517995594,80553982,207517995594,80553982,415035991188,161107964,True,0,interface_name,2.0088107585906982,vda,0,7,0,1921024,disk_name,2.0088107585906982,vda1,0,0,0,0,disk_name,2.0088107585906982,vda2,0,7,0,1921024,disk_name,/dev/vda2,ext4,/,52708192256,19271393280,31058067456,38.3,mnt_point,165,1,95,464,0,10.24.1.118,255.255.255.0,24,10.24.1.1,106.75.252.73,Linux,ecnu02,64bit,Ubuntu 20.04,5.4.0-48-generic,Ubuntu 20.04 64bit,265747
2024-12-20 15:47:57,26.2,25.2,0.4,73.8,0.0,0.0,0.0,0.6,0.0,0.0,0.0,5577,4248,5727,0,2.0099940299987793,8,cpu_number,0,3.5,2.0,1.0,96.5,0.0,0.0,0.0,0.5,0.0,0.0,0.0,cpu_number,1,68.7,67.2,0.5,31.3,0.0,0.0,0.0,1.0,0.0,0.0,0.0,cpu_number,2,25.7,23.3,0.0,74.3,0.0,0.0,0.0,2.4,0.0,0.0,0.0,cpu_number,3,49.0,48.0,0.5,51.0,0.0,0.0,0.0,0.5,0.0,0.0,0.0,cpu_number,4,2.0,1.5,0.5,98.0,0.0,0.0,0.0,0.0,0.0,0.0,0.0,cpu_number,5,9.9,9.9,0.0,90.1,0.0,0.0,0.0,0.0,0.0,0.0,0.0,cpu_number,6,2.0,2.0,0.0,98.0,0.0,0.0,0.0,0.0,0.0,0.0,0.0,cpu_number,7,50.7,49.3,1.0,49.3,0.0,0.0,0.0,0.5,0.0,0.0,0.0,1.38,0.8,0.94,8,16589373440,13961682944,15.8,2627690496,13961682944,13934952448,278286336,53395456,12257337344,1081344,0,0,0,0,0,0,eth0,2.0099852085113525,44390558293,521,396466681855,3598,440857240148,4119,True,68718428160,interface_name,lo,2.0099852085113525,207599699491,81703897,207599699491,81703897,415199398982,163407794,True,0,interface_name,2.0099895000457764,vda,0,2,0,417792,disk_name,2.0099895000457764,vda1,0,0,0,0,disk_name,2.0099895000457764,vda2,0,2,0,417792,disk_name,/dev/vda2,ext4,/,52708192256,19271393280,31058067456,38.3,mnt_point,165,1,95,464,0,10.24.1.118,255.255.255.0,24,10.24.1.1,106.75.252.73,Linux,ecnu02,64bit,Ubuntu 20.04,5.4.0-48-generic,Ubuntu 20.04 64bit,265750
2024-12-20 15:47:59,26.2,25.2,0.4,73.8,0.0,0.0,0.0,0.5,0.0,0.0,0.0,5283,4088,5397,0,2.01298451423645,8,cpu_number,0,26.2,24.3,1.0,73.8,0.0,0.0,0.0,1.0,0.0,0.0,0.0,cpu_number,1,73.4,70.9,1.0,26.6,0.0,0.0,0.0,1.5,0.0,0.0,0.0,cpu_number,2,32.3,31.8,0.0,67.7,0.0,0.0,0.0,0.5,0.0,0.0,0.0,cpu_number,3,53.7,53.2,0.5,46.3,0.0,0.0,0.0,0.0,0.0,0.0,0.0,cpu_number,4,3.0,2.0,1.0,97.0,0.0,0.0,0.0,0.0,0.0,0.0,0.0,cpu_number,5,0.0,0.0,0.0,100.0,0.0,0.0,0.0,0.0,0.0,0.0,0.0,cpu_number,6,9.5,9.5,0.0,90.5,0.0,0.0,0.0,0.0,0.0,0.0,0.0,cpu_number,7,9.5,9.5,0.0,90.5,0.0,0.0,0.0,0.0,0.0,0.0,0.0,1.38,0.8,0.94,8,16589373440,13961150464,15.8,2628222976,13961150464,13934927872,278298624,53395456,12257341440,1081344,0,0,0,0,0,0,eth0,2.012753963470459,44390558946,653,396466686100,4245,440857245046,4898,True,68718428160,interface_name,lo,2.012753963470459,207678721357,79021866,207678721357,79021866,415357442714,158043732,True,0,interface_name,2.0127627849578857,vda,0,0,0,0,disk_name,2.0127627849578857,vda1,0,0,0,0,disk_name,2.0127627849578857,vda2,0,0,0,0,disk_name,/dev/vda2,ext4,/,52708192256,19271397376,31058063360,38.3,mnt_point,165,1,95,464,0,10.24.1.118,255.255.255.0,24,10.24.1.1,106.75.252.73,Linux,ecnu02,64bit,Ubuntu 20.04,5.4.0-48-generic,Ubuntu 20.04 64bit,265752
2024-12-20 15:48:01,26.8,25.8,0.2,73.2,0.0,0.0,0.0,0.7,0.0,0.0,0.0,6515,4357,5896,0,2.008577823638916,8,cpu_number,0,52.0,50.0,0.5,48.0,0.0,0.0,0.0,1.5,0.0,0.0,0.0,cpu_number,1,5.0,4.5,0.0,95.0,0.0,0.0,0.0,0.5,0.0,0.0,0.0,cpu_number,2,5.8,2.4,0.0,94.2,0.0,0.0,0.0,3.4,0.0,0.0,0.0,cpu_number,3,44.8,44.8,0.0,55.2,0.0,0.0,0.0,0.0,0.0,0.0,0.0,cpu_number,4,4.0,3.5,0.5,96.0,0.0,0.0,0.0,0.0,0.0,0.0,0.0,cpu_number,5,0.5,0.0,0.5,99.5,0.0,0.0,0.0,0.0,0.0,0.0,0.0,cpu_number,6,19.0,19.0,0.0,81.0,0.0,0.0,0.0,0.0,0.0,0.0,0.0,cpu_number,7,81.6,81.1,0.5,18.4,0.0,0.0,0.0,0.0,0.0,0.0,0.0,1.43,0.82,0.95,8,16589373440,13960740864,15.8,2628632576,13960740864,13934960640,278298624,53395456,12257341440,1081344,0,0,0,0,0,0,eth0,2.0087201595306396,44390559298,352,396466687598,1498,440857246896,1850,True,68718428160,interface_name,lo,2.0087201595306396,207757868549,79147192,207757868549,79147192,415515737098,158294384,True,0,interface_name,2.008695602416992,vda,0,3,0,933888,disk_name,2.008695602416992,vda1,0,0,0,0,disk_name,2.008695602416992,vda2,0,3,0,933888,disk_name,/dev/vda2,ext4,/,52708192256,19271397376,31058063360,38.3,mnt_point,165,1,95,464,0,10.24.1.118,255.255.255.0,24,10.24.1.1,106.75.252.73,Linux,ecnu02,64bit,Ubuntu 20.04,5.4.0-48-generic,Ubuntu 20.04 64bit,265754
2024-12-20 15:48:03,27.8,26.0,0.6,72.2,0.0,0.0,0.0,1.2,0.0,0.0,0.0,5969,5207,5983,0,2.011819839477539,8,cpu_number,0,32.4,24.5,0.5,67.6,0.0,0.0,0.0,7.4,0.0,0.0,0.0,cpu_number,1,5.0,4.0,1.0,95.0,0.0,0.0,0.0,0.0,0.0,0.0,0.0,cpu_number,2,33.0,31.5,1.0,67.0,0.0,0.0,0.0,0.5,0.0,0.0,0.0,cpu_number,3,5.4,3.4,1.0,94.6,0.0,0.0,0.0,1.0,0.0,0.0,0.0,cpu_number,4,13.4,12.9,0.5,86.6,0.0,0.0,0.0,0.0,0.0,0.0,0.0,cpu_number,5,56.4,55.9,0.5,43.6,0.0,0.0,0.0,0.0,0.0,0.0,0.0,cpu_number,6,27.4,26.9,0.5,72.6,0.0,0.0,0.0,0.0,0.0,0.0,0.0,cpu_number,7,51.0,49.5,1.0,49.0,0.0,0.0,0.0,0.5,0.0,0.0,0.0,1.43,0.82,0.95,8,16589373440,13959159808,15.9,2630213632,13959159808,13934940160,280166400,53399552,12259368960,1081344,0,0,0,0,0,0,eth0,2.0093421936035156,44390596351,37053,396466702928,15330,440857299279,52383,True,68718428160,interface_name,lo,2.0093421936035156,207837337575,79469026,207837337575,79469026,415674675150,158938052,True,0,interface_name,2.00937557220459,vda,0,2,0,454656,disk_name,2.00937557220459,vda1,0,0,0,0,disk_name,2.00937557220459,vda2,0,2,0,454656,disk_name,/dev/vda2,ext4,/,52708192256,19273285632,31056175104,38.3,mnt_point,166,1,96,466,0,10.24.1.118,255.255.255.0,24,10.24.1.1,106.75.252.73,Linux,ecnu02,64bit,Ubuntu 20.04,5.4.0-48-generic,Ubuntu 20.04 64bit,265756
2024-12-20 15:48:05,26.8,25.6,0.6,73.1,0.0,0.0,0.0,0.7,0.0,0.0,0.0,6236,4156,5428,0,2.0283493995666504,8,cpu_number,0,28.8,25.9,0.5,71.2,0.0,0.0,0.0,2.4,0.0,0.0,0.0,cpu_number,1,24.2,21.3,0.5,75.8,0.0,0.0,0.0,2.4,0.0,0.0,0.0,cpu_number,2,37.6,36.1,1.5,62.4,0.0,0.0,0.0,0.0,0.0,0.0,0.0,cpu_number,3,2.0,2.0,0.0,98.0,0.0,0.0,0.0,0.0,0.0,0.0,0.0,cpu_number,4,39.7,39.2,0.0,60.3,0.0,0.0,0.0,0.5,0.0,0.0,0.0,cpu_number,5,4.0,3.5,0.5,96.0,0.0,0.0,0.0,0.0,0.0,0.0,0.0,cpu_number,6,77.0,74.5,1.5,23.0,0.0,0.0,0.0,1.0,0.0,0.0,0.0,cpu_number,7,1.5,1.5,0.0,98.5,0.0,0.0,0.0,0.0,0.0,0.0,0.0,1.43,0.82,0.95,8,16589373440,13959188480,15.9,2630184960,13959188480,13935210496,280178688,53399552,12259373056,1081344,0,0,0,0,0,0,eth0,2.009366989135742,44390597104,753,396466709653,6725,440857306757,7478,True,68718428160,interface_name,lo,2.009366989135742,207917895777,80558202,207917895777,80558202,415835791554,161116404,True,0,interface_name,2.0093443393707275,vda,0,10,0,1003520,disk_name,2.0093443393707275,vda1,0,0,0,0,disk_name,2.0093443393707275,vda2,0,10,0,1003520,disk_name,/dev/vda2,ext4,/,52708192256,19273289728,31056171008,38.3,mnt_point,166,1,96,466,0,10.24.1.118,255.255.255.0,24,10.24.1.1,106.75.252.73,Linux,ecnu02,64bit,Ubuntu 20.04,5.4.0-48-generic,Ubuntu 20.04 64bit,265758
2024-12-20 15:48:07,27.0,25.3,0.5,73.0,0.0,0.0,0.0,1.2,0.0,0.0,0.0,5693,4499,6208,0,1.9868748188018799,8,cpu_number,0,88.0,87.0,0.5,12.0,0.0,0.0,0.0,0.5,0.0,0.0,0.0,cpu_number,1,4.0,3.5,0.5,96.0,0.0,0.0,0.0,0.0,0.0,0.0,0.0,cpu_number,2,8.6,1.9,0.5,91.4,0.0,0.0,0.0,6.2,0.0,0.0,0.0,cpu_number,3,37.8,35.8,0.0,62.2,0.0,0.0,0.0,2.0,0.0,0.0,0.0,cpu_number,4,18.1,17.1,1.0,81.9,0.0,0.0,0.0,0.0,0.0,0.0,0.0,cpu_number,5,25.1,24.6,0.5,74.9,0.0,0.0,0.0,0.0,0.0,0.0,0.0,cpu_number,6,11.1,11.1,0.0,88.9,0.0,0.0,0.0,0.0,0.0,0.0,0.0,cpu_number,7,23.2,22.7,0.5,76.8,0.0,0.0,0.0,0.0,0.0,0.0,0.0,1.48,0.84,0.95,8,16589373440,13959409664,15.9,2629963776,13959409664,13935038464,280178688,53399552,12259373056,1081344,0,0,0,0,0,0,eth0,2.0084073543548584,44390597454,350,396466711341,1688,440857308795,2038,True,68718428160,interface_name,lo,2.0084073543548584,207998191608,80295831,207998191608,80295831,415996383216,160591662,True,0,interface_name,2.0084433555603027,vda,0,0,0,0,disk_name,2.0084433555603027,vda1,0,0,0,0,disk_name,2.0084433555603027,vda2,0,0,0,0,disk_name,/dev/vda2,ext4,/,52708192256,19273289728,31056171008,38.3,mnt_point,165,1,95,464,0,10.24.1.118,255.255.255.0,24,10.24.1.1,106.75.252.73,Linux,ecnu02,64bit,Ubuntu 20.04,5.4.0-48-generic,Ubuntu 20.04 64bit,265760
2024-12-20 15:48:09,27.1,25.8,0.7,72.9,0.0,0.0,0.0,0.6,0.0,0.0,0.0,5774,5062,6330,0,2.009559392929077,8,cpu_number,0,31.4,28.9,0.0,68.6,0.0,0.0,0.0,2.5,0.0,0.0,0.0,cpu_number,1,67.8,64.9,1.5,32.2,0.0,0.0,0.0,1.5,0.0,0.0,0.0,cpu_number,2,12.9,11.9,0.0,87.1,0.0,0.0,0.0,1.0,0.0,0.0,0.0,cpu_number,3,3.0,2.0,0.5,97.0,0.0,0.0,0.0,0.5,0.0,0.0,0.0,cpu_number,4,16.4,15.9,0.5,83.6,0.0,0.0,0.0,0.0,0.0,0.0,0.0,cpu_number,5,55.4,53.5,2.0,44.6,0.0,0.0,0.0,0.0,0.0,0.0,0.0,cpu_number,6,25.1,24.6,0.5,74.9,0.0,0.0,0.0,0.0,0.0,0.0,0.0,cpu_number,7,4.0,4.0,0.0,96.0,0.0,0.0,0.0,0.0,0.0,0.0,0.0,1.48,0.84,0.95,8,16589373440,13959802880,15.9,2629570560,13959802880,13935169536,282054656,53411840,12261416960,1081344,0,0,0,0,0,0,eth0,2.009223461151123,44390634501,37047,396466729105,17764,440857363606,54811,True,68718428160,interface_name,lo,2.009223461151123,208075588397,77396789,208075588397,77396789,416151176794,154793578,True,0,interface_name,2.0092031955718994,vda,0,2,0,40960,disk_name,2.0092031955718994,vda1,0,0,0,0,disk_name,2.0092031955718994,vda2,0,2,0,40960,disk_name,/dev/vda2,ext4,/,52708192256,19275173888,31054286848,38.3,mnt_point,165,1,95,464,0,10.24.1.118,255.255.255.0,24,10.24.1.1,106.75.252.73,Linux,ecnu02,64bit,Ubuntu 20.04,5.4.0-48-generic,Ubuntu 20.04 64bit,265762
2024-12-20 15:48:11,26.6,25.6,0.3,73.4,0.0,0.0,0.0,0.7,0.0,0.0,0.0,5636,4259,5746,0,2.008265495300293,8,cpu_number,0,17.5,15.5,1.5,82.5,0.0,0.0,0.0,0.5,0.0,0.0,0.0,cpu_number,1,13.5,9.6,0.0,86.5,0.0,0.0,0.0,3.8,0.0,0.0,0.0,cpu_number,2,23.0,23.0,0.0,77.0,0.0,0.0,0.0,0.0,0.0,0.0,0.0,cpu_number,3,10.6,10.1,0.5,89.4,0.0,0.0,0.0,0.0,0.0,0.0,0.0,cpu_number,4,48.3,46.8,0.5,51.7,0.0,0.0,0.0,0.5,0.5,0.0,0.0,cpu_number,5,0.0,0.0,0.0,100.0,0.0,0.0,0.0,0.0,0.0,0.0,0.0,cpu_number,6,98.0,97.5,0.5,2.0,0.0,0.0,0.0,0.0,0.0,0.0,0.0,cpu_number,7,1.5,1.5,0.0,98.5,0.0,0.0,0.0,0.0,0.0,0.0,0.0,1.52,0.86,0.96,8,16589373440,13959229440,15.9,2630144000,13959229440,13935140864,282066944,53411840,12261416960,1081344,0,0,0,0,0,0,eth0,2.008206367492676,44390634954,453,396466732057,2952,440857367011,3405,True,68718428160,interface_name,lo,2.008206367492676,208156013690,80425293,208156013690,80425293,416312027380,160850586,True,0,interface_name,2.0081849098205566,vda,0,26,0,8912896,disk_name,2.0081849098205566,vda1,0,0,0,0,disk_name,2.0081849098205566,vda2,0,26,0,8912896,disk_name,/dev/vda2,ext4,/,52708192256,19275173888,31054286848,38.3,mnt_point,165,1,95,464,0,10.24.1.118,255.255.255.0,24,10.24.1.1,106.75.252.73,Linux,ecnu02,64bit,Ubuntu 20.04,5.4.0-48-generic,Ubuntu 20.04 64bit,265764
2024-12-20 15:48:13,27.2,26.0,0.4,72.8,0.0,0.0,0.0,0.7,0.1,0.0,0.0,6487,4123,5580,0,2.0078554153442383,8,cpu_number,0,9.6,4.8,0.5,90.4,0.0,0.0,0.0,3.8,0.5,0.0,0.0,cpu_number,1,11.9,11.4,0.5,88.1,0.0,0.0,0.0,0.0,0.0,0.0,0.0,cpu_number,2,46.0,45.0,0.5,54.0,0.0,0.0,0.0,0.5,0.0,0.0,0.0,cpu_number,3,25.0,23.5,1.0,75.0,0.0,0.0,0.0,0.5,0.0,0.0,0.0,cpu_number,4,26.9,26.4,0.5,73.1,0.0,0.0,0.0,0.0,0.0,0.0,0.0,cpu_number,5,36.0,36.0,0.0,64.0,0.0,0.0,0.0,0.0,0.0,0.0,0.0,cpu_number,6,62.2,61.2,0.5,37.8,0.0,0.0,0.0,0.5,0.0,0.0,0.0,cpu_number,7,0.5,0.5,0.0,99.5,0.0,0.0,0.0,0.0,0.0,0.0,0.0,1.52,0.86,0.96,8,16589373440,13959159808,15.9,2630213632,13959159808,13935177728,282071040,53411840,12261421056,1081344,0,0,0,0,0,0,eth0,2.008090019226074,44390635370,416,396466733795,1738,440857369165,2154,True,68718428160,interface_name,lo,2.008090019226074,208235420367,79406677,208235420367,79406677,416470840734,158813354,True,0,interface_name,2.008085250854492,vda,0,0,0,0,disk_name,2.008085250854492,vda1,0,0,0,0,disk_name,2.008085250854492,vda2,0,0,0,0,disk_name,/dev/vda2,ext4,/,52708192256,19275177984,31054282752,38.3,mnt_point,165,1,95,464,0,10.24.1.118,255.255.255.0,24,10.24.1.1,106.75.252.73,Linux,ecnu02,64bit,Ubuntu 20.04,5.4.0-48-generic,Ubuntu 20.04 64bit,265766
2024-12-20 15:48:15,27.5,26.3,0.6,72.5,0.0,0.0,0.0,0.6,0.0,0.0,0.0,6280,5284,5735,0,2.0112802982330322,8,cpu_number,0,42.6,39.7,1.0,57.4,0.0,0.0,0.0,2.0,0.0,0.0,0.0,cpu_number,1,5.9,5.0,0.5,94.1,0.0,0.0,0.0,0.5,0.0,0.0,0.0,cpu_number,2,29.4,29.4,0.0,70.6,0.0,0.0,0.0,0.0,0.0,0.0,0.0,cpu_number,3,6.9,5.4,0.0,93.1,0.0,0.0,0.0,1.5,0.0,0.0,0.0,cpu_number,4,17.3,16.3,0.5,82.7,0.0,0.0,0.0,0.5,0.0,0.0,0.0,cpu_number,5,20.4,20.4,0.0,79.6,0.0,0.0,0.0,0.0,0.0,0.0,0.0,cpu_number,6,10.0,10.0,0.0,90.0,0.0,0.0,0.0,0.0,0.0,0.0,0.0,cpu_number,7,87.6,85.1,2.5,12.4,0.0,0.0,0.0,0.0,0.0,0.0,0.0,1.52,0.86,0.96,8,16589373440,13959917568,15.9,2629455872,13959917568,13935210496,284078080,53415936,12263534592,1081344,0,0,0,0,0,0,eth0,2.009763240814209,44390662560,27190,396466748065,14270,440857410625,41460,True,68718428160,interface_name,lo,2.009763240814209,208312603457,77183090,208312603457,77183090,416625206914,154366180,True,0,interface_name,2.009575605392456,vda,0,2,0,483328,disk_name,2.009575605392456,vda1,0,0,0,0,disk_name,2.009575605392456,vda2,0,2,0,483328,disk_name,/dev/vda2,ext4,/,52708192256,19277070336,31052390400,38.3,mnt_point,165,1,95,464,0,10.24.1.118,255.255.255.0,24,10.24.1.1,106.75.252.73,Linux,ecnu02,64bit,Ubuntu 20.04,5.4.0-48-generic,Ubuntu 20.04 64bit,265768
2024-12-20 15:48:17,26.9,25.9,0.4,73.1,0.0,0.0,0.0,0.6,0.0,0.0,0.0,6084,4417,6038,0,2.00957989692688,8,cpu_number,0,13.0,9.7,0.5,87.0,0.0,0.0,0.0,2.9,0.0,0.0,0.0,cpu_number,1,18.2,16.3,1.5,81.8,0.0,0.0,0.0,0.5,0.0,0.0,0.0,cpu_number,2,19.8,18.8,0.5,80.2,0.0,0.0,0.0,0.5,0.0,0.0,0.0,cpu_number,3,3.0,3.0,0.0,97.0,0.0,0.0,0.0,0.0,0.0,0.0,0.0,cpu_number,4,18.3,18.3,0.0,81.7,0.0,0.0,0.0,0.0,0.0,0.0,0.0,cpu_number,5,66.2,64.7,0.5,33.8,0.0,0.0,0.0,1.0,0.0,0.0,0.0,cpu_number,6,4.5,4.5,0.0,95.5,0.0,0.0,0.0,0.0,0.0,0.0,0.0,cpu_number,7,73.8,72.3,0.5,26.2,0.0,0.0,0.0,1.0,0.0,0.0,0.0,1.56,0.88,0.96,8,16589373440,13959901184,15.9,2629472256,13959901184,13935394816,283971584,53415936,12263505920,1081344,0,0,0,0,0,0,eth0,2.0090579986572266,44390684718,22158,396466758062,9997,440857442780,32155,True,68718428160,interface_name,lo,2.0090579986572266,208394737378,82133921,208394737378,82133921,416789474756,164267842,True,0,interface_name,2.009052038192749,vda,0,21,0,155648,disk_name,2.009052038192749,vda1,0,0,0,0,disk_name,2.009052038192749,vda2,0,21,0,155648,disk_name,/dev/vda2,ext4,/,52708192256,19277070336,31052390400,38.3,mnt_point,165,1,95,464,0,10.24.1.118,255.255.255.0,24,10.24.1.1,106.75.252.73,Linux,ecnu02,64bit,Ubuntu 20.04,5.4.0-48-generic,Ubuntu 20.04 64bit,265770
2024-12-20 15:48:19,26.7,25.7,0.4,73.3,0.0,0.0,0.0,0.6,0.0,0.0,0.0,5692,4371,5884,0,2.0066184997558594,8,cpu_number,0,5.0,3.0,1.5,95.0,0.0,0.0,0.0,0.5,0.0,0.0,0.0,cpu_number,1,23.4,21.9,0.5,76.6,0.0,0.0,0.0,1.0,0.0,0.0,0.0,cpu_number,2,75.1,73.1,0.5,24.9,0.0,0.0,0.0,1.5,0.0,0.0,0.0,cpu_number,3,25.6,23.6,1.0,74.4,0.0,0.0,0.0,1.0,0.0,0.0,0.0,cpu_number,4,3.5,3.5,0.0,96.5,0.0,0.0,0.0,0.0,0.0,0.0,0.0,cpu_number,5,0.0,0.0,0.0,100.0,0.0,0.0,0.0,0.0,0.0,0.0,0.0,cpu_number,6,16.9,16.4,0.0,83.1,0.0,0.0,0.0,0.5,0.0,0.0,0.0,cpu_number,7,63.5,63.5,0.0,36.5,0.0,0.0,0.0,0.0,0.0,0.0,0.0,1.56,0.88,0.96,8,16589373440,13960175616,15.8,2629197824,13960175616,13935443968,283979776,53424128,12263505920,1081344,0,0,0,0,0,0,eth0,2.0087714195251465,44390685130,412,396466761160,3098,440857446290,3510,True,68718428160,interface_name,lo,2.0087714195251465,208473561834,78824456,208473561834,78824456,416947123668,157648912,True,0,interface_name,2.008983850479126,vda,0,2,0,409600,disk_name,2.008983850479126,vda1,0,0,0,0,disk_name,2.008983850479126,vda2,0,2,0,409600,disk_name,/dev/vda2,ext4,/,52708192256,19277074432,31052386304,38.3,mnt_point,162,1,95,461,0,10.24.1.118,255.255.255.0,24,10.24.1.1,106.75.252.73,Linux,ecnu02,64bit,Ubuntu 20.04,5.4.0-48-generic,Ubuntu 20.04 64bit,265772
2024-12-20 15:48:21,27.0,25.4,0.4,73.0,0.0,0.0,0.0,1.2,0.0,0.0,0.0,5882,4213,5608,0,2.0093421936035156,8,cpu_number,0,68.7,67.7,0.5,31.3,0.0,0.0,0.0,0.5,0.0,0.0,0.0,cpu_number,1,22.5,16.7,1.0,77.5,0.0,0.0,0.0,4.8,0.0,0.0,0.0,cpu_number,2,13.0,10.1,0.5,87.0,0.0,0.0,0.0,2.4,0.0,0.0,0.0,cpu_number,3,23.9,22.9,0.5,76.1,0.0,0.0,0.0,0.5,0.0,0.0,0.0,cpu_number,4,24.8,24.3,0.0,75.2,0.0,0.0,0.0,0.5,0.0,0.0,0.0,cpu_number,5,18.4,17.9,0.5,81.6,0.0,0.0,0.0,0.0,0.0,0.0,0.0,cpu_number,6,44.8,43.8,0.5,55.2,0.0,0.0,0.0,0.5,0.0,0.0,0.0,cpu_number,7,0.5,0.5,0.0,99.5,0.0,0.0,0.0,0.0,0.0,0.0,0.0,1.59,0.89,0.97,8,16589373440,13959872512,15.9,2629500928,13959872512,13935456256,283979776,53424128,12263510016,1081344,0,0,0,0,0,0,eth0,2.0093908309936523,44390685583,453,396466764652,3492,440857450235,3945,True,68718428160,interface_name,lo,2.0093908309936523,208553928540,80366706,208553928540,80366706,417107857080,160733412,True,0,interface_name,2.0093767642974854,vda,0,7,0,1867776,disk_name,2.0093767642974854,vda1,0,0,0,0,disk_name,2.0093767642974854,vda2,0,7,0,1867776,disk_name,/dev/vda2,ext4,/,52708192256,19277074432,31052386304,38.3,mnt_point,163,1,95,462,0,10.24.1.118,255.255.255.0,24,10.24.1.1,106.75.252.73,Linux,ecnu02,64bit,Ubuntu 20.04,5.4.0-48-generic,Ubuntu 20.04 64bit,265774
2024-12-20 15:48:23,27.9,25.5,0.5,72.1,0.0,0.0,0.0,1.8,0.0,0.0,0.0,6155,4790,6024,0,2.009145975112915,8,cpu_number,0,62.6,58.3,1.0,37.4,0.0,0.0,0.0,3.4,0.0,0.0,0.0,cpu_number,1,6.0,5.5,0.5,94.0,0.0,0.0,0.0,0.0,0.0,0.0,0.0,cpu_number,2,23.2,12.3,1.4,76.8,0.0,0.0,0.0,9.1,0.5,0.0,0.0,cpu_number,3,41.8,40.8,0.5,58.2,0.0,0.0,0.0,0.5,0.0,0.0,0.0,cpu_number,4,17.6,17.1,0.5,82.4,0.0,0.0,0.0,0.0,0.0,0.0,0.0,cpu_number,5,2.0,2.0,0.0,98.0,0.0,0.0,0.0,0.0,0.0,0.0,0.0,cpu_number,6,52.0,52.0,0.0,48.0,0.0,0.0,0.0,0.0,0.0,0.0,0.0,cpu_number,7,17.4,16.9,0.5,82.6,0.0,0.0,0.0,0.0,0.0,0.0,0.0,1.59,0.89,0.97,8,16589373440,13958586368,15.9,2630787072,13958586368,13936148480,285888512,53424128,12265607168,1081344,0,0,0,0,0,0,eth0,2.00856614112854,44390728246,42663,396466781484,16832,440857509730,59495,True,68718428160,interface_name,lo,2.00856614112854,208633852327,79923787,208633852327,79923787,417267704654,159847574,True,0,interface_name,2.0084352493286133,vda,0,0,0,0,disk_name,2.0084352493286133,vda1,0,0,0,0,disk_name,2.0084352493286133,vda2,0,0,0,0,disk_name,/dev/vda2,ext4,/,52708192256,19278995456,31050465280,38.3,mnt_point,163,1,95,462,0,10.24.1.118,255.255.255.0,24,10.24.1.1,106.75.252.73,Linux,ecnu02,64bit,Ubuntu 20.04,5.4.0-48-generic,Ubuntu 20.04 64bit,265776
2024-12-20 15:48:25,26.8,25.6,0.6,73.2,0.0,0.0,0.0,0.6,0.0,0.0,0.0,6020,4480,6094,0,2.008042573928833,8,cpu_number,0,7.7,3.8,0.5,92.3,0.0,0.0,0.0,3.3,0.0,0.0,0.0,cpu_number,1,6.9,3.9,1.5,93.1,0.0,0.0,0.0,1.0,0.5,0.0,0.0,cpu_number,2,76.1,75.1,1.0,23.9,0.0,0.0,0.0,0.0,0.0,0.0,0.0,cpu_number,3,3.0,3.0,0.0,97.0,0.0,0.0,0.0,0.0,0.0,0.0,0.0,cpu_number,4,43.5,42.5,1.0,56.5,0.0,0.0,0.0,0.0,0.0,0.0,0.0,cpu_number,5,55.0,54.0,0.5,45.0,0.0,0.0,0.0,0.5,0.0,0.0,0.0,cpu_number,6,1.5,1.0,0.5,98.5,0.0,0.0,0.0,0.0,0.0,0.0,0.0,cpu_number,7,22.3,21.8,0.5,77.7,0.0,0.0,0.0,0.0,0.0,0.0,0.0,1.59,0.89,0.97,8,16589373440,13959630848,15.9,2629742592,13959630848,13935693824,285892608,53432320,12265611264,1081344,0,0,0,0,0,0,eth0,2.008612632751465,44390728950,704,396466787167,5683,440857516117,6387,True,68718428160,interface_name,lo,2.008612632751465,208714028080,80175753,208714028080,80175753,417428056160,160351506,True,0,interface_name,2.008713960647583,vda,0,2,0,421888,disk_name,2.008713960647583,vda1,0,0,0,0,disk_name,2.008713960647583,vda2,0,2,0,421888,disk_name,/dev/vda2,ext4,/,52708192256,19278999552,31050461184,38.3,mnt_point,163,1,95,462,0,10.24.1.118,255.255.255.0,24,10.24.1.1,106.75.252.73,Linux,ecnu02,64bit,Ubuntu 20.04,5.4.0-48-generic,Ubuntu 20.04 64bit,265778
2024-12-20 15:48:27,26.9,25.2,0.4,73.1,0.0,0.0,0.0,1.2,0.0,0.0,0.0,5713,4064,5425,0,2.010526657104492,8,cpu_number,0,15.0,8.9,0.0,85.0,0.0,0.0,0.0,6.1,0.0,0.0,0.0,cpu_number,1,90.0,88.0,1.0,10.0,0.0,0.0,0.0,1.0,0.0,0.0,0.0,cpu_number,2,84.9,84.4,0.0,15.1,0.0,0.0,0.0,0.5,0.0,0.0,0.0,cpu_number,3,4.9,2.5,1.0,95.1,0.0,0.0,0.0,1.5,0.0,0.0,0.0,cpu_number,4,13.9,13.9,0.0,86.1,0.0,0.0,0.0,0.0,0.0,0.0,0.0,cpu_number,5,1.5,1.0,0.5,98.5,0.0,0.0,0.0,0.0,0.0,0.0,0.0,cpu_number,6,1.5,1.5,0.0,98.5,0.0,0.0,0.0,0.0,0.0,0.0,0.0,cpu_number,7,4.0,3.5,0.5,96.0,0.0,0.0,0.0,0.0,0.0,0.0,0.0,1.63,0.91,0.97,8,16589373440,13960278016,15.8,2629095424,13960278016,13935747072,285900800,53432320,12265611264,1081344,0,0,0,0,0,0,eth0,2.0104267597198486,44390729403,453,396466790755,3588,440857520158,4041,True,68718428160,interface_name,lo,2.0104267597198486,208793233356,79205276,208793233356,79205276,417586466712,158410552,True,0,interface_name,2.010451316833496,vda,0,6,0,1810432,disk_name,2.010451316833496,vda1,0,0,0,0,disk_name,2.010451316833496,vda2,0,6,0,1810432,disk_name,/dev/vda2,ext4,/,52708192256,19278999552,31050461184,38.3,mnt_point,163,1,95,462,0,10.24.1.118,255.255.255.0,24,10.24.1.1,106.75.252.73,Linux,ecnu02,64bit,Ubuntu 20.04,5.4.0-48-generic,Ubuntu 20.04 64bit,265780
2024-12-20 15:48:29,27.1,25.8,0.5,72.9,0.0,0.0,0.0,0.9,0.0,0.0,0.0,6144,4547,5907,0,2.0096349716186523,8,cpu_number,0,42.2,36.0,0.9,57.8,0.0,0.0,0.0,5.2,0.0,0.0,0.0,cpu_number,1,4.5,4.0,0.0,95.5,0.0,0.0,0.0,0.5,0.0,0.0,0.0,cpu_number,2,43.5,42.5,0.5,56.5,0.0,0.0,0.0,0.5,0.0,0.0,0.0,cpu_number,3,22.5,22.5,0.0,77.5,0.0,0.0,0.0,0.0,0.0,0.0,0.0,cpu_number,4,14.4,13.4,1.0,85.6,0.0,0.0,0.0,0.0,0.0,0.0,0.0,cpu_number,5,16.8,16.3,0.5,83.2,0.0,0.0,0.0,0.0,0.0,0.0,0.0,cpu_number,6,24.9,24.9,0.0,75.1,0.0,0.0,0.0,0.0,0.0,0.0,0.0,cpu_number,7,48.0,47.5,0.5,52.0,0.0,0.0,0.0,0.0,0.0,0.0,0.0,1.63,0.91,0.97,8,16589373440,13960749056,15.8,2628624384,13960749056,13936381952,288129024,53432320,12267810816,1081344,0,0,0,0,0,0,eth0,2.0093822479248047,44390770202,40799,396466809008,18253,440857579210,59052,True,68718428160,interface_name,lo,2.0093822479248047,208875730896,82497540,208875730896,82497540,417751461792,164995080,True,0,interface_name,2.0093941688537598,vda,0,0,0,0,disk_name,2.0093941688537598,vda1,0,0,0,0,disk_name,2.0093941688537598,vda2,0,0,0,0,disk_name,/dev/vda2,ext4,/,52708192256,19280883712,31048577024,38.3,mnt_point,163,1,95,462,0,10.24.1.118,255.255.255.0,24,10.24.1.1,106.75.252.73,Linux,ecnu02,64bit,Ubuntu 20.04,5.4.0-48-generic,Ubuntu 20.04 64bit,265782
2024-12-20 15:48:31,26.7,25.7,0.4,73.3,0.0,0.0,0.0,0.6,0.1,0.0,0.0,6766,4122,5376,0,2.0085434913635254,8,cpu_number,0,66.7,65.2,0.0,33.3,0.0,0.0,0.0,1.5,0.0,0.0,0.0,cpu_number,1,16.1,13.7,1.5,83.9,0.0,0.0,0.0,1.0,0.0,0.0,0.0,cpu_number,2,2.9,1.0,0.5,97.1,0.0,0.0,0.0,1.5,0.0,0.0,0.0,cpu_number,3,1.5,1.0,0.5,98.5,0.0,0.0,0.0,0.0,0.0,0.0,0.0,cpu_number,4,78.5,77.0,0.5,21.5,0.0,0.0,0.0,1.0,0.0,0.0,0.0,cpu_number,5,10.4,9.5,0.5,89.6,0.0,0.0,0.0,0.5,0.0,0.0,0.0,cpu_number,6,10.9,10.9,0.0,89.1,0.0,0.0,0.0,0.0,0.0,0.0,0.0,cpu_number,7,28.4,27.4,0.5,71.6,0.0,0.0,0.0,0.5,0.0,0.0,0.0,1.66,0.93,0.98,8,16589373440,13959671808,15.9,2629701632,13959671808,13935947776,287776768,53440512,12267589632,1081344,0,0,0,0,0,0,eth0,2.0088651180267334,44390770612,410,396466812174,3166,440857582786,3576,True,68718428160,interface_name,lo,2.0088651180267334,208955515382,79784486,208955515382,79784486,417911030764,159568972,True,0,interface_name,2.008856773376465,vda,0,2,0,413696,disk_name,2.008856773376465,vda1,0,0,0,0,disk_name,2.008856773376465,vda2,0,2,0,413696,disk_name,/dev/vda2,ext4,/,52708192256,19280887808,31048572928,38.3,mnt_point,163,1,95,462,0,10.24.1.118,255.255.255.0,24,10.24.1.1,106.75.252.73,Linux,ecnu02,64bit,Ubuntu 20.04,5.4.0-48-generic,Ubuntu 20.04 64bit,265784
2024-12-20 15:48:33,27.1,25.9,0.6,72.9,0.0,0.0,0.0,0.6,0.0,0.0,0.0,5951,4589,6128,0,2.011579751968384,8,cpu_number,0,22.4,22.4,0.0,77.6,0.0,0.0,0.0,0.0,0.0,0.0,0.0,cpu_number,1,5.7,1.4,0.0,94.3,0.0,0.0,0.0,4.3,0.0,0.0,0.0,cpu_number,2,45.0,44.1,1.0,55.0,0.0,0.0,0.0,0.0,0.0,0.0,0.0,cpu_number,3,3.5,3.0,0.5,96.5,0.0,0.0,0.0,0.0,0.0,0.0,0.0,cpu_number,4,49.3,47.8,1.0,50.7,0.0,0.0,0.0,0.5,0.0,0.0,0.0,cpu_number,5,37.8,36.8,1.0,62.2,0.0,0.0,0.0,0.0,0.0,0.0,0.0,cpu_number,6,22.4,21.9,0.5,77.6,0.0,0.0,0.0,0.0,0.0,0.0,0.0,cpu_number,7,30.8,30.8,0.0,69.2,0.0,0.0,0.0,0.0,0.0,0.0,0.0,1.66,0.93,0.98,8,16589373440,13958619136,15.9,2630754304,13958619136,13936046080,287789056,53440512,12267593728,1081344,0,0,0,0,0,0,eth0,2.009106397628784,44390771131,519,396466815644,3470,440857586775,3989,True,68718428160,interface_name,lo,2.009106397628784,209035435734,79920352,209035435734,79920352,418070871468,159840704,True,0,interface_name,2.0090715885162354,vda,0,0,0,0,disk_name,2.0090715885162354,vda1,0,0,0,0,disk_name,2.0090715885162354,vda2,0,0,0,0,disk_name,/dev/vda2,ext4,/,52708192256,19280887808,31048572928,38.3,mnt_point,164,1,96,464,0,10.24.1.118,255.255.255.0,24,10.24.1.1,106.75.252.73,Linux,ecnu02,64bit,Ubuntu 20.04,5.4.0-48-generic,Ubuntu 20.04 64bit,265786
2024-12-20 15:48:35,27.8,25.6,0.5,72.1,0.0,0.0,0.0,1.8,0.0,0.0,0.0,5811,4426,5945,0,2.012425422668457,8,cpu_number,0,6.3,3.9,1.0,93.7,0.0,0.0,0.0,1.5,0.0,0.0,0.0,cpu_number,1,47.5,46.0,0.5,52.5,0.0,0.0,0.0,1.0,0.0,0.0,0.0,cpu_number,2,23.3,16.3,0.0,76.7,0.0,0.0,0.0,7.0,0.0,0.0,0.0,cpu_number,3,28.3,23.6,0.5,71.7,0.0,0.0,0.0,4.2,0.0,0.0,0.0,cpu_number,4,56.7,55.7,1.0,43.3,0.0,0.0,0.0,0.0,0.0,0.0,0.0,cpu_number,5,17.9,17.9,0.0,82.1,0.0,0.0,0.0,0.0,0.0,0.0,0.0,cpu_number,6,42.3,41.8,0.0,57.7,0.0,0.0,0.0,0.5,0.0,0.0,0.0,cpu_number,7,1.5,1.0,0.5,98.5,0.0,0.0,0.0,0.0,0.0,0.0,0.0,1.66,0.93,0.98,8,16589373440,13957480448,15.9,2631892992,13957480448,13936246784,287789056,53440512,12267593728,1081344,0,0,0,0,0,0,eth0,2.014491558074951,44390771974,843,396466820873,5229,440857592847,6072,True,68718428160,interface_name,lo,2.014491558074951,209114640414,79204680,209114640414,79204680,418229280828,158409360,True,0,interface_name,2.014514207839966,vda,0,0,0,0,disk_name,2.014514207839966,vda1,0,0,0,0,disk_name,2.014514207839966,vda2,0,0,0,0,disk_name,/dev/vda2,ext4,/,52708192256,19280887808,31048572928,38.3,mnt_point,164,1,96,464,0,10.24.1.118,255.255.255.0,24,10.24.1.1,106.75.252.73,Linux,ecnu02,64bit,Ubuntu 20.04,5.4.0-48-generic,Ubuntu 20.04 64bit,265788
2024-12-20 15:48:37,18.8,17.7,0.6,81.2,0.0,0.0,0.0,0.6,0.0,0.0,0.0,4548,3489,4145,0,2.010293483734131,8,cpu_number,0,12.4,11.4,1.0,87.6,0.0,0.0,0.0,0.0,0.0,0.0,0.0,cpu_number,1,9.6,4.8,1.4,90.4,0.0,0.0,0.0,3.3,0.0,0.0,0.0,cpu_number,2,59.5,58.5,1.0,40.5,0.0,0.0,0.0,0.0,0.0,0.0,0.0,cpu_number,3,34.5,33.5,1.0,65.5,0.0,0.0,0.0,0.0,0.0,0.0,0.0,cpu_number,4,26.5,26.5,0.0,73.5,0.0,0.0,0.0,0.0,0.0,0.0,0.0,cpu_number,5,6.5,5.5,1.0,93.5,0.0,0.0,0.0,0.0,0.0,0.0,0.0,cpu_number,6,1.0,1.0,0.0,99.0,0.0,0.0,0.0,0.0,0.0,0.0,0.0,cpu_number,7,1.0,1.0,0.0,99.0,0.0,0.0,0.0,0.0,0.0,0.0,0.0,1.76,0.97,0.99,8,16589373440,13957632000,15.9,2631741440,13957632000,13937045504,289980416,53448704,12269912064,1081344,0,0,0,0,0,0,eth0,2.0094213485717773,44390838918,66944,396466844040,23167,440857682958,90111,True,68718428160,interface_name,lo,2.0094213485717773,209159188205,44547791,209159188205,44547791,418318376410,89095582,True,0,interface_name,2.009249210357666,vda,0,16,0,2367488,disk_name,2.009249210357666,vda1,0,0,0,0,disk_name,2.009249210357666,vda2,0,16,0,2367488,disk_name,/dev/vda2,ext4,/,52708192256,19283079168,31046381568,38.3,mnt_point,163,1,95,461,0,10.24.1.118,255.255.255.0,24,10.24.1.1,106.75.252.73,Linux,ecnu02,64bit,Ubuntu 20.04,5.4.0-48-generic,Ubuntu 20.04 64bit,265790
2024-12-20 15:48:39,3.0,2.5,0.4,97.0,0.0,0.0,0.0,0.1,0.0,0.0,0.0,1740,1198,1275,0,2.0335679054260254,8,cpu_number,0,1.5,1.5,0.0,98.5,0.0,0.0,0.0,0.0,0.0,0.0,0.0,cpu_number,1,4.9,4.4,0.5,95.1,0.0,0.0,0.0,0.0,0.0,0.0,0.0,cpu_number,2,5.9,4.9,0.5,94.1,0.0,0.0,0.0,0.5,0.0,0.0,0.0,cpu_number,3,1.5,1.5,0.0,98.5,0.0,0.0,0.0,0.0,0.0,0.0,0.0,cpu_number,4,3.9,3.9,0.0,96.1,0.0,0.0,0.0,0.0,0.0,0.0,0.0,cpu_number,5,1.0,1.0,0.0,99.0,0.0,0.0,0.0,0.0,0.0,0.0,0.0,cpu_number,6,1.5,1.0,0.5,98.5,0.0,0.0,0.0,0.0,0.0,0.0,0.0,cpu_number,7,4.4,2.0,2.5,95.6,0.0,0.0,0.0,0.0,0.0,0.0,0.0,1.76,0.97,0.99,8,16589373440,14790197248,10.8,1799176192,14790197248,13093515264,269807616,53448704,12231847936,1081344,0,0,0,0,0,0,eth0,2.0340471267700195,44390840918,2000,396466863760,19720,440857704678,21720,True,68718428160,interface_name,lo,2.0340471267700195,209159188517,312,209159188517,312,418318377034,624,True,0,interface_name,2.034156322479248,vda,0,0,0,0,disk_name,2.034156322479248,vda1,0,0,0,0,disk_name,2.034156322479248,vda2,0,0,0,0,disk_name,/dev/vda2,ext4,/,52708192256,19247329280,31082131456,38.2,mnt_point,162,1,94,418,0,10.24.1.118,255.255.255.0,24,10.24.1.1,106.75.252.73,Linux,ecnu02,64bit,Ubuntu 20.04,5.4.0-48-generic,Ubuntu 20.04 64bit,265792
